warm,autism1,gmo1,ftblack,ftwhite,fthisp,ftasian,ftmuslim
1,1,2,99,99,99,100,88
1,2,1,91,96,92,93,93
1,2,1,48,49,49,49,50
1,-1,-1,0,0,0,0,0
1,-1,-1,93,94,94,94,50
1,-1,-1,87,69,80,61,70
1,-1,-1,98,85,97,98,98
1,2,1,73,75,76,76,79
1,1,2,0,100,36,69,6
1,2,1,80,81,81,80,80
1,2,1,75,71,81,70,75
2,1,1,72,93,30,80,5
2,1,1,69,21,51,47,70
2,-1,-1,90,90,90,90,11
2,-1,-1,100,89,89,81,63
1,1,1,13,26,89,17,13
1,2,2,51,51,54,50,50
2,2,2,96,81,82,100,63
2,2,1,75,94,85,99,10
1,2,1,94,51,73,52,70
1,1,2,79,80,80,78,79
1,-1,-1,42,79,51,61,3
1,-1,-1,71,85,84,70,40
1,2,1,85,85,86,86,86
1,-1,-1,94,96,94,84,75
1,-1,-1,53,52,53,50,51
1,2,2,90,90,90,100,50
1,-1,-1,51,52,50,46,45
2,-1,-1,41,41,31,40,50
1,1,2,98,41,16,69,3
1,-1,-1,59,69,59,59,59
1,-1,-1,100,100,100,100,100
1,-1,-1,100,100,100,100,100
2,2,1,69,82,79,95,30
1,-1,-1,48,63,47,54,45
2,-1,-1,82,91,50,49,50
2,-1,-1,61,99,50,0,0
1,-1,-1,50,50,50,50,33
1,-1,-1,50,50,50,50,50
1,2,2,50,88,60,53,50
1,-1,-1,72,74,68,72,67
1,-1,-1,93,100,98,88,34
1,-1,-1,34,59,38,48,20
2,-1,-1,90,90,90,91,17
1,2,2,51,48,48,68,10
1,-1,-1,98,96,97,89,73
2,2,2,71,71,71,71,41
2,-1,-1,50,50,50,50,50
1,-1,-1,71,71,71,70,69
1,2,2,84,86,81,84,81
2,2,1,90,90,81,80,41
1,-1,-1,72,80,80,80,70
1,-1,-1,51,50,50,51,6
1,-1,-1,53,49,49,52,50
1,-1,-1,51,100,85,71,7
1,-1,-1,90,90,90,96,50
1,-1,-1,50,50,50,50,46
1,1,1,55,85,80,80,10
1,2,1,85,52,79,96,87
1,2,2,70,70,62,59,51
2,1,2,79,100,81,80,2
1,-1,-1,89,89,88,81,81
1,2,1,85,94,88,95,84
1,-1,-1,67,64,71,67,59
1,-1,-1,91,93,93,95,9
1,2,2,90,49,21,50,50
1,2,2,13,98,10,47,1
2,2,1,90,98,89,94,10
1,2,1,38,91,3,21,4
1,-1,-1,35,56,19,33,13
1,2,2,3,72,15,1,1
1,2,2,72,70,64,61,57
1,2,2,89,62,94,83,89
1,-1,-1,92,100,0,75,1
1,2,1,64,96,93,64,17
1,2,1,75,80,70,65,65
1,-1,-1,91,91,91,88,88
2,2,2,28,36,48,41,42
1,-1,-1,50,50,50,50,50
2,1,2,52,54,51,51,12
1,2,1,51,60,41,52,51
1,2,2,100,50,98,61,57
1,-1,-1,68,59,71,67,68
1,-1,-1,63,48,60,52,59
1,2,2,22,50,11,43,19
1,2,2,75,75,75,75,75
1,2,1,54,47,68,52,55
2,2,1,100,100,100,100,100
1,1,2,69,29,33,39,69
1,2,1,50,50,55,80,26
2,-1,-1,49,52,53,54,48
1,2,2,97,97,89,87,0
1,-1,-1,64,76,77,67,56
1,-1,-1,87,43,63,56,43
1,-1,-1,50,50,50,51,50
1,2,1,99,62,68,1,66
1,-1,-1,51,50,51,49,50
1,1,2,67,75,73,83,55
1,-1,-1,42,52,43,76,7
1,-1,-1,100,100,98,99,99
1,-1,-1,61,60,60,61,61
1,1,2,84,67,78,81,62
1,2,1,63,63,64,65,52
1,2,1,55,54,55,55,55
1,1,1,58,58,81,75,48
1,2,1,53,0,44,87,3
1,2,2,99,80,100,99,99
1,-1,-1,86,85,90,85,56
1,2,2,50,59,50,51,52
1,1,2,81,18,86,93,82
2,-1,-1,70,69,50,86,44
1,2,1,94,88,95,94,58
1,1,1,63,80,61,58,38
1,1,2,95,95,95,95,90
1,-1,-1,89,81,88,85,93
1,-1,-1,80,80,80,80,80
2,-1,-1,85,85,85,77,30
1,2,1,91,90,90,90,87
1,2,1,70,61,60,61,51
1,-1,-1,95,99,100,95,95
2,-1,-1,81,88,85,68,16
2,-1,-1,88,88,90,89,40
1,2,2,75,35,16,40,22
1,2,2,71,70,70,70,70
1,2,2,90,90,90,90,41
1,-1,-1,50,50,66,90,50
2,2,1,73,76,75,74,72
1,-1,-1,100,71,100,100,51
1,-1,-1,100,98,99,99,99
1,2,1,100,64,95,100,100
2,2,1,100,100,100,100,51
2,1,1,66,69,64,64,52
2,2,2,100,96,75,75,7
2,2,2,93,93,76,95,72
1,2,2,87,92,90,93,51
1,-1,-1,48,28,54,21,28
1,-1,-1,71,71,71,80,70
1,2,1,36,65,30,58,31
1,-1,-1,83,88,89,85,89
1,2,2,99,100,94,91,95
1,2,2,92,93,93,92,92
1,-1,-1,90,90,81,81,71
-7,-1,-1,75,100,70,90,0
2,1,1,86,87,88,87,1
1,-1,-1,81,89,90,71,43
1,-1,-1,95,95,90,90,31
1,1,2,51,50,50,52,51
2,-1,-1,53,50,40,50,9
1,2,1,70,85,86,86,60
1,2,1,60,72,68,81,41
1,2,2,72,63,74,73,75
1,-1,-1,75,75,75,75,75
2,-1,-1,100,100,100,100,9
1,-1,-1,70,71,71,70,70
2,1,2,90,95,90,81,10
1,-1,-1,50,50,50,50,47
1,-1,-1,99,99,100,98,63
1,-1,-1,80,65,83,91,46
1,-1,-1,91,92,74,62,-7
1,2,2,91,96,91,91,11
1,-1,-1,60,60,60,60,56
1,2,2,66,70,61,70,55
1,2,2,67,84,48,81,37
2,-1,-1,51,50,61,70,1
1,-1,-1,33,69,5,0,6
1,-1,-1,88,56,66,56,5
1,-1,-1,87,87,80,84,80
1,2,1,60,40,70,60,60
2,-1,-1,49,49,30,50,1
1,-1,-1,60,48,52,50,7
1,-1,-1,50,50,50,50,10
1,-1,-1,89,91,91,89,90
1,-1,-1,50,87,39,95,45
1,1,2,99,31,87,63,72
2,-1,-1,51,50,51,51,2
1,2,1,69,63,60,60,61
1,-1,-1,0,50,50,0,50
1,2,1,90,85,90,90,90
1,2,1,88,92,89,86,94
1,-1,-1,47,61,62,69,45
1,2,1,70,86,69,90,21
1,-1,-1,72,77,68,89,44
2,-1,-1,100,100,99,99,6
1,-1,-1,70,18,71,80,0
1,2,1,52,64,69,80,2
2,1,2,51,52,51,51,51
1,2,2,94,67,84,70,75
2,2,1,3,99,40,20,2
1,2,2,70,74,43,32,19
1,2,2,85,85,83,83,83
2,2,1,100,100,100,100,50
1,-1,-1,88,99,1,1,0
1,-1,-1,96,94,92,94,55
1,2,2,68,68,71,73,70
1,2,2,60,81,84,59,78
1,-1,-1,52,52,52,52,52
1,-1,-1,95,47,80,81,60
2,2,2,100,12,68,81,50
1,2,2,94,89,94,91,90
1,-1,-1,45,50,45,29,45
1,2,1,100,100,100,100,100
1,-1,-1,50,50,50,50,50
2,2,1,45,100,40,80,40
1,-1,-1,89,89,90,90,88
1,2,1,100,100,100,100,100
1,-1,-1,58,65,50,51,50
1,2,1,50,50,50,50,50
1,-1,-1,90,90,90,90,90
1,2,1,66,87,79,83,77
2,-1,-1,44,98,43,14,10
1,-1,-1,50,50,50,50,50
2,2,2,100,100,99,100,100
1,2,1,84,84,83,86,81
1,-1,-1,50,50,50,50,50
1,2,1,71,50,71,70,70
1,2,2,85,84,13,89,13
1,-1,-1,41,40,42,41,20
1,2,2,42,100,62,63,40
1,-1,-1,100,100,100,100,100
1,-1,-1,10,73,30,72,12
2,-1,-1,51,51,51,51,51
1,-1,-1,50,50,50,50,40
2,-1,-1,96,50,99,99,37
1,-1,-1,62,71,61,72,40
2,-1,-1,85,72,83,91,92
1,1,2,84,3,99,3,57
1,2,1,90,90,100,90,70
1,2,1,86,88,90,78,80
1,-1,-1,81,50,84,90,52
2,2,1,53,73,63,60,36
1,1,2,31,78,31,11,11
2,2,1,70,98,86,70,0
1,-1,-1,62,80,77,66,59
2,1,1,70,69,68,59,67
2,2,2,96,96,100,94,96
1,-1,-1,50,50,50,50,17
1,2,2,70,85,70,85,31
1,-1,-1,78,89,75,75,50
1,-1,-1,64,53,82,72,47
1,2,1,97,81,100,83,81
1,-1,-1,40,60,60,60,50
1,1,2,50,50,50,50,50
1,2,1,50,50,50,50,50
1,1,2,49,51,22,31,6
1,-1,-1,74,80,74,80,74
2,-1,-1,51,51,49,52,9
2,2,2,50,51,55,51,31
2,-1,-1,84,97,80,90,4
2,-1,-1,62,61,63,70,62
1,2,2,75,79,80,85,23
1,-1,-1,87,84,81,50,49
1,2,1,71,76,65,68,76
1,-1,-1,66,75,40,22,6
1,2,1,50,51,26,46,12
1,-1,-1,74,74,73,74,50
1,2,2,53,86,55,46,54
2,-1,-1,50,76,50,73,41
1,2,2,50,51,49,5,5
1,-1,-1,91,90,89,70,60
1,-1,-1,90,90,90,90,90
1,2,2,50,50,52,51,50
2,-1,-1,100,100,100,100,1
1,2,2,50,50,91,50,40
2,-1,-1,4,100,8,61,3
1,-1,-1,81,81,87,71,75
2,1,2,90,90,90,90,56
1,-1,-1,56,57,55,57,57
1,2,2,70,90,61,63,15
1,-1,-1,99,4,91,41,51
1,-1,-1,94,59,84,86,78
1,-1,-1,100,100,100,100,100
2,1,2,90,51,50,51,50
1,2,2,69,53,22,2,11
1,2,2,50,50,50,50,40
1,-1,-1,51,49,49,56,52
1,2,1,51,51,51,51,51
1,-1,-1,100,100,97,87,94
2,2,2,50,50,50,50,9
1,-1,-1,76,88,55,73,49
1,2,1,98,100,94,99,99
2,-1,-1,50,47,50,45,3
1,2,2,47,46,50,48,48
2,2,2,69,75,67,71,46
2,-1,-1,96,94,97,95,39
1,1,1,62,67,91,61,70
1,-1,-1,87,85,85,84,85
1,2,1,74,50,90,77,92
2,2,2,100,100,26,100,0
1,1,2,99,80,79,76,66
1,-1,-1,96,88,96,96,90
2,-1,-1,88,82,86,87,80
1,2,1,42,33,26,50,20
1,2,1,52,53,52,52,52
2,-1,-1,70,80,68,71,19
2,1,2,88,84,84,87,1
1,-1,-1,98,71,99,100,81
2,2,1,60,90,60,60,30
2,2,1,50,90,59,70,0
2,2,2,90,90,90,90,30
1,2,2,80,90,25,32,12
1,2,2,65,63,64,60,64
1,2,1,50,51,50,7,0
1,-1,-1,100,24,84,68,87
1,1,2,50,51,50,50,50
1,1,2,68,93,50,42,28
1,-1,-1,91,80,78,94,81
1,1,2,100,99,100,100,100
1,-1,-1,100,50,50,50,50
1,2,2,54,57,100,59,50
2,-1,-1,13,99,8,58,6
2,-1,-1,99,99,99,99,99
1,2,2,100,100,100,100,100
1,2,1,0,1,100,100,0
1,-1,-1,51,95,30,95,15
1,-1,-1,100,100,100,100,100
2,2,1,99,100,100,100,50
1,-1,-1,51,53,37,50,0
1,2,1,58,55,88,72,31
2,2,1,59,77,70,83,2
1,-1,-1,70,72,71,71,70
2,-1,-1,48,33,33,27,47
1,2,1,90,98,99,97,25
1,-1,-1,86,86,88,87,78
1,2,1,50,50,50,50,28
2,-1,-1,48,88,1,12,4
1,-1,-1,96,96,100,96,91
2,-1,-1,97,100,86,70,43
1,-1,-1,100,99,100,99,99
1,2,1,99,94,98,99,98
1,-1,-1,91,90,75,81,75
2,2,1,89,87,84,86,51
1,-1,-1,59,71,63,64,32
1,-1,-1,99,88,100,85,88
1,-1,-1,78,75,88,86,81
2,-1,-1,49,51,66,77,11
1,2,1,99,99,94,52,54
1,2,1,99,81,91,85,86
1,2,2,81,80,80,80,82
1,2,2,94,95,96,94,0
1,2,2,100,100,100,100,100
2,-1,-1,90,91,78,84,72
1,-1,-1,100,100,95,100,90
1,2,1,50,50,50,50,50
2,2,1,69,89,61,85,12
1,-1,-1,50,50,50,50,2
2,-1,-1,80,84,85,88,60
2,-1,-1,51,51,51,49,31
1,2,1,60,60,60,60,50
1,-1,-1,81,61,31,80,3
1,-1,-1,51,51,51,51,16
1,-1,-1,47,58,9,13,39
1,-1,-1,90,100,90,90,0
1,1,2,45,80,55,60,48
1,-1,-1,58,58,58,58,58
1,-1,-1,72,71,86,75,73
1,-1,-1,50,52,51,50,51
2,2,2,95,95,80,95,41
1,-1,-1,75,80,74,74,76
1,-1,-1,60,60,64,62,0
2,-1,-1,75,94,50,50,50
1,2,1,63,78,59,56,43
1,-1,-1,81,78,79,76,73
2,-1,-1,75,75,75,75,0
2,1,2,70,72,87,82,51
1,2,1,75,78,78,78,54
1,-1,-1,100,100,100,96,85
1,2,1,93,89,89,82,73
1,2,1,69,100,52,50,55
2,-1,-1,80,85,81,81,27
1,-1,-1,71,59,53,-7,60
1,-1,-1,67,98,73,48,2
1,-1,-1,91,93,91,90,97
1,1,1,95,25,72,68,22
2,-1,-1,77,55,81,82,50
1,-1,-1,85,75,81,85,87
1,-1,-1,75,84,70,84,11
1,-1,-1,95,85,95,95,94
1,-1,-1,98,99,92,85,22
2,2,2,67,54,59,53,46
2,-1,-1,100,100,84,100,52
1,-1,-1,51,50,51,50,52
1,-1,-1,73,70,70,74,70
1,2,1,56,6,63,63,75
1,2,1,90,70,71,75,11
1,2,2,69,87,50,51,9
1,-1,-1,49,50,50,50,40
1,2,2,50,97,52,50,51
1,-1,-1,94,93,93,91,93
2,-1,-1,91,92,85,94,90
1,-1,-1,81,100,62,69,50
2,-1,-1,68,69,67,67,3
2,-1,-1,80,81,71,80,5
2,-1,-1,42,86,69,80,11
2,2,1,91,86,89,91,0
1,-1,-1,91,61,80,90,90
1,2,1,62,60,68,65,25
2,-1,-1,87,92,92,92,52
1,-1,-1,72,72,71,72,57
1,-1,-1,59,72,72,68,55
1,2,1,91,98,88,91,70
2,-1,-1,50,50,50,50,51
1,2,1,92,50,92,74,55
1,2,1,52,50,50,51,50
2,2,1,60,71,70,50,0
1,-1,-1,100,100,100,100,100
2,1,1,31,20,26,21,43
2,-1,-1,88,80,85,89,79
1,-1,-1,100,100,100,100,70
1,-1,-1,80,90,84,94,70
1,-1,-1,67,50,70,72,60
1,-1,-1,85,85,85,87,70
1,-1,-1,86,91,31,91,30
2,2,2,72,78,78,71,4
1,-1,-1,49,50,50,51,50
1,-1,-1,80,52,80,74,52
1,-1,-1,59,60,59,53,9
1,2,2,48,50,50,49,50
2,-1,-1,52,48,53,45,48
1,2,2,89,99,73,74,91
1,2,2,75,51,64,73,51
1,-1,-1,97,95,95,94,98
1,-1,-1,50,50,48,54,34
1,2,2,80,35,80,31,59
2,-1,-1,4,2,99,12,3
1,-1,-1,95,90,95,95,90
2,-1,-1,59,62,60,63,7
1,2,1,50,50,50,50,50
1,2,2,87,86,87,88,88
1,-1,-1,78,77,81,76,0
1,2,2,70,78,70,71,74
1,-1,-1,100,71,100,100,100
1,2,2,38,100,9,60,0
1,-1,-1,70,59,61,69,61
1,-1,-1,60,70,60,70,60
1,-1,-1,88,91,96,92,89
1,2,1,75,59,86,72,53
2,1,2,95,99,3,98,4
1,2,2,89,91,91,89,50
2,-1,-1,50,69,34,37,14
1,-1,-1,88,91,84,86,5
1,-1,-1,50,50,50,51,50
1,1,2,69,72,69,72,29
2,2,2,7,93,6,71,3
1,2,1,50,50,50,50,50
1,-1,-1,70,70,70,70,51
1,2,1,95,75,70,85,85
2,-1,-1,55,55,77,65,46
1,2,2,100,100,95,99,92
2,2,1,51,84,54,51,40
1,-1,-1,51,50,50,50,51
1,2,2,63,62,54,57,51
1,2,1,51,50,23,34,39
2,-1,-1,69,76,65,66,37
2,-1,-1,100,100,100,100,21
1,2,2,30,73,29,46,13
1,-1,-1,50,97,66,54,42
1,2,1,74,74,74,74,74
2,1,2,50,50,50,50,50
2,2,2,83,87,0,9,0
1,2,1,86,85,91,88,88
1,-1,-1,63,44,70,54,57
1,2,2,89,80,91,90,88
2,-1,-1,33,39,44,41,46
1,1,2,89,83,46,79,31
1,-1,-1,72,73,67,75,65
1,2,1,51,51,51,51,30
2,-1,-1,97,97,99,95,3
2,-1,-1,98,98,95,98,5
1,-1,-1,72,47,64,67,55
1,-1,-1,70,70,70,70,70
1,2,1,56,66,61,49,50
1,2,1,80,80,88,81,52
1,-1,-1,49,49,47,50,46
1,-1,-1,85,100,56,-7,28
1,2,2,100,70,100,100,100
1,2,1,41,100,50,80,50
1,2,2,100,75,97,94,82
1,2,2,91,86,81,89,90
1,-1,-1,56,75,77,86,100
1,-1,-1,70,70,70,70,60
2,2,1,44,76,68,56,0
1,2,2,73,40,87,73,16
1,2,1,50,51,50,50,47
2,-1,-1,72,72,72,72,2
1,-1,-1,69,90,59,60,59
2,2,2,50,50,69,50,50
1,-1,-1,64,70,68,72,42
2,2,1,98,100,100,99,45
1,1,2,82,91,93,99,86
2,2,1,91,97,88,79,19
2,2,2,90,91,91,91,42
1,-1,-1,97,97,98,99,99
2,-1,-1,39,58,58,47,31
1,2,1,50,50,50,50,5
1,-1,-1,50,50,50,51,30
1,2,2,56,60,50,52,59
1,2,2,100,100,99,99,93
1,-1,-1,83,84,88,83,81
1,-1,-1,100,100,100,100,0
1,2,1,66,99,100,100,97
1,-1,-1,51,97,32,62,9
1,-1,-1,55,71,61,60,56
1,2,2,58,52,50,60,71
1,2,2,100,93,100,83,42
2,-1,-1,50,50,50,50,0
2,2,2,89,90,80,89,0
1,-1,-1,98,69,87,91,92
1,1,1,22,9,23,28,19
1,2,2,98,85,90,100,80
1,-1,-1,52,51,50,50,51
1,2,1,100,99,99,100,100
1,1,2,100,50,99,100,90
1,-1,-1,50,50,99,50,51
2,1,2,85,85,85,50,50
1,-1,-1,50,50,50,50,50
2,2,2,53,54,51,53,55
2,1,2,100,100,100,100,66
2,2,1,86,84,85,94,17
1,-1,-1,77,74,67,84,65
1,2,1,50,50,50,50,50
1,-1,-1,50,50,52,50,50
2,2,1,97,95,95,97,4
2,-1,-1,44,56,42,44,49
1,-1,-1,50,50,50,50,50
1,2,1,88,79,89,90,79
1,-1,-1,100,51,100,99,99
1,-1,-1,78,70,78,79,1
1,2,2,69,70,69,69,50
1,2,1,60,35,61,60,61
1,-1,-1,52,88,50,50,42
1,-1,-1,75,65,86,64,60
2,2,2,97,98,85,96,0
1,2,1,100,94,100,100,100
1,1,2,60,75,71,67,1
1,2,2,99,99,100,100,100
1,2,1,50,50,50,50,46
1,-1,-1,-7,-7,-7,-7,-7
1,1,1,45,50,40,50,20
1,2,2,89,77,99,88,88
2,-1,-1,52,94,51,50,20
1,2,1,100,62,99,89,50
2,-1,-1,19,11,29,24,20
1,-1,-1,100,100,99,99,99
1,2,2,85,80,95,87,76
2,-1,-1,51,53,31,1,12
1,2,1,78,34,49,63,37
1,-1,-1,85,91,85,85,23
1,-1,-1,75,75,76,76,75
2,1,2,100,91,50,81,30
1,2,1,53,52,51,59,51
1,2,2,89,82,80,83,82
1,-1,-1,50,92,41,20,21
1,-1,-1,100,99,99,100,100
1,2,1,78,77,77,76,77
2,-1,-1,2,99,1,96,0
1,-1,-1,22,100,70,91,61
2,2,2,4,100,29,99,3
1,2,1,42,55,48,63,78
2,-1,-1,79,80,80,81,50
1,-1,-1,59,60,60,60,30
1,2,1,75,75,90,90,50
1,2,1,50,50,50,50,45
1,-1,-1,96,75,96,95,96
2,-1,-1,52,52,50,50,8
2,2,2,41,47,41,44,41
1,-1,-1,1,60,1,1,1
2,1,2,68,77,45,69,41
1,-1,-1,69,69,69,69,69
1,-1,-1,81,51,86,91,77
1,1,2,53,60,52,54,16
2,-1,-1,59,51,58,58,22
2,2,2,75,75,64,63,30
2,2,1,99,99,100,99,100
2,2,1,52,50,52,52,31
1,-1,-1,39,40,41,29,42
1,-1,-1,99,100,99,99,100
1,2,2,60,60,60,61,60
1,2,2,60,85,80,80,80
1,2,1,79,80,82,81,33
1,2,1,89,100,69,88,21
1,-1,-1,72,47,89,97,65
1,1,1,50,60,50,50,31
2,-1,-1,94,92,91,89,3
2,2,1,71,74,70,70,42
2,-1,-1,66,0,78,80,0
2,-1,-1,96,95,95,95,72
1,2,1,71,70,71,70,60
1,2,1,85,80,83,88,22
1,2,1,90,70,99,75,75
2,-1,-1,93,98,97,98,31
1,-1,-1,65,66,59,61,61
1,-1,-1,85,39,100,44,66
2,-1,-1,80,86,83,71,59
2,2,1,90,90,90,90,50
1,-1,-1,100,99,99,94,38
1,2,1,88,69,84,86,66
1,2,1,50,50,50,50,51
1,1,2,59,70,69,72,10
1,-1,-1,51,51,51,51,50
1,2,1,72,72,71,72,70
2,-1,-1,51,51,50,51,33
1,-1,-1,52,49,52,51,54
2,1,2,50,50,49,46,53
2,2,2,0,100,0,0,0
1,-1,-1,60,59,52,60,50
1,2,1,78,87,81,82,60
2,-1,-1,73,82,93,92,72
2,-1,-1,51,50,51,51,0
2,2,2,67,89,50,79,0
1,2,1,50,48,50,51,47
1,-1,-1,51,53,90,98,90
2,-1,-1,50,51,38,49,51
1,2,1,72,72,55,86,47
2,-1,-1,100,100,50,74,1
1,-1,-1,88,69,81,77,77
1,2,2,91,91,94,83,87
2,1,1,40,34,25,29,32
1,-1,-1,64,30,69,77,75
2,2,1,81,76,94,91,15
1,2,1,41,85,41,78,62
2,2,1,51,55,50,56,31
1,-1,-1,64,60,66,59,58
2,1,2,63,68,78,69,1
1,2,2,86,81,81,80,73
1,-1,-1,50,50,50,50,50
1,-1,-1,90,88,90,90,90
2,-1,-1,22,36,18,13,14
1,-1,-1,81,88,81,88,72
1,2,2,99,78,95,100,78
2,2,2,65,57,41,65,53
1,-1,-1,50,50,50,50,52
1,2,1,100,100,98,90,46
1,2,2,56,99,56,75,69
2,-1,-1,89,90,72,89,1
1,2,1,100,100,100,100,100
1,2,1,70,65,56,84,88
2,2,1,75,99,99,100,11
1,-1,-1,76,76,76,76,76
1,2,1,9,99,34,25,10
1,-1,-1,97,86,95,97,95
1,2,2,81,57,62,63,69
1,2,2,58,85,86,86,10
1,-1,-1,90,74,73,91,50
1,2,1,50,50,50,50,15
2,1,2,42,60,28,21,2
2,-1,-1,85,85,85,85,30
1,-1,-1,41,50,50,50,20
2,-1,-1,60,60,40,50,41
1,2,1,100,100,100,100,41
1,2,1,100,100,100,97,100
2,-1,-1,100,99,85,100,10
2,-1,-1,69,66,76,72,5
1,-1,-1,90,5,90,90,90
2,-1,-1,31,76,78,80,0
1,2,1,56,53,57,56,57
2,-1,-1,100,90,91,75,78
2,2,2,87,87,87,88,10
1,-1,-1,80,80,56,89,52
1,2,1,84,87,81,81,82
1,2,2,85,50,50,51,48
2,2,1,71,77,72,78,38
1,-1,-1,88,97,92,88,78
2,-1,-1,98,92,95,94,85
2,-1,-1,77,70,51,70,25
2,1,2,93,100,97,97,0
1,-1,-1,61,63,62,63,64
1,2,1,1,100,1,67,1
2,1,2,47,47,47,3,0
2,-1,-1,51,54,35,46,33
2,2,2,72,74,69,62,42
1,2,1,49,50,50,50,19
2,-1,-1,51,50,50,50,51
1,2,2,69,55,61,63,60
1,-1,-1,57,80,60,67,54
1,-1,-1,19,63,15,74,5
1,2,1,46,51,46,51,47
2,-1,-1,50,50,50,50,41
1,-1,-1,50,49,51,51,24
2,1,2,98,99,99,100,67
1,-1,-1,50,70,45,55,40
1,-1,-1,100,75,100,100,100
2,2,1,50,50,100,50,50
2,-1,-1,83,62,39,47,53
1,2,1,65,71,53,73,91
1,-1,-1,92,85,90,90,85
2,2,1,88,100,78,89,1
2,-1,-1,41,51,50,19,14
1,2,2,98,98,98,97,57
1,2,1,64,69,70,77,66
1,2,1,99,100,100,100,100
1,-1,-1,42,53,48,53,41
1,2,2,50,64,53,56,46
1,2,2,85,90,72,84,5
1,-1,-1,50,50,50,50,50
1,2,1,70,70,70,70,70
1,-1,-1,88,92,91,71,89
1,-1,-1,70,72,73,71,63
1,2,2,65,47,57,47,6
1,2,2,30,37,61,50,41
1,-1,-1,56,64,56,57,62
1,2,1,91,91,69,94,85
1,-1,-1,82,77,63,70,56
1,2,1,100,94,100,100,99
1,-1,-1,100,100,98,67,0
1,-1,-1,94,89,53,78,56
2,1,2,70,72,70,61,5
2,1,2,73,74,72,72,8
1,-1,-1,40,72,62,69,2
2,2,1,50,50,50,48,50
2,-1,-1,72,50,41,58,5
2,-1,-1,95,94,91,94,15
1,2,1,54,77,66,71,19
2,-1,-1,49,56,56,56,53
1,1,2,100,100,100,98,99
1,-1,-1,100,100,100,100,50
1,-1,-1,100,80,100,100,93
1,-1,-1,53,53,71,52,53
1,2,2,61,85,49,11,2
1,2,2,83,80,81,81,84
1,-1,-1,51,41,55,51,52
1,2,1,45,45,59,47,77
2,1,1,68,66,69,69,38
1,2,1,83,84,85,83,85
2,-1,-1,88,89,47,60,56
2,2,1,88,88,88,88,44
2,2,2,98,97,100,100,98
1,-1,-1,82,87,83,84,81
1,-1,-1,69,70,69,70,71
1,2,1,52,54,50,52,53
2,-1,-1,100,100,100,100,50
2,2,2,100,98,100,98,97
2,-1,-1,86,85,88,77,57
2,2,2,69,82,49,22,5
1,-1,-1,75,75,75,75,75
1,2,1,50,59,50,50,43
1,2,1,88,71,82,88,69
1,-1,-1,4,99,41,99,90
1,-1,-1,80,90,87,90,59
1,2,2,98,39,94,97,97
1,2,1,48,49,49,70,40
1,-1,-1,94,86,97,94,73
1,-1,-1,74,70,81,77,80
1,2,2,55,46,43,81,0
2,-1,-1,100,100,100,100,89
1,2,2,52,50,52,53,50
1,-1,-1,50,50,50,50,50
1,2,1,77,77,77,77,47
1,-1,-1,96,93,95,96,94
1,2,1,58,53,56,55,59
1,2,2,67,16,31,68,15
2,-1,-1,85,85,85,85,52
2,-1,-1,99,99,98,100,88
1,2,2,96,100,10,100,10
1,-1,-1,60,70,45,50,50
1,2,1,79,78,79,54,23
2,2,1,51,52,51,50,26
1,2,2,57,54,57,44,55
1,-1,-1,100,100,100,100,100
1,-1,-1,50,50,50,50,0
2,2,2,98,10,14,22,22
1,2,1,50,60,70,84,2
2,1,2,86,87,85,90,85
2,-1,-1,100,100,100,100,60
1,-1,-1,45,51,11,59,20
1,-1,-1,70,70,70,70,65
1,2,1,27,98,29,10,1
2,2,1,49,53,50,94,3
1,2,2,100,100,100,100,100
1,2,2,50,51,50,50,11
2,-1,-1,88,88,88,88,41
1,-1,-1,88,94,85,91,77
2,-1,-1,28,44,39,36,30
1,-1,-1,50,50,50,50,50
1,2,2,38,42,48,47,48
1,2,1,61,61,61,61,52
1,-1,-1,75,100,89,83,70
2,2,2,50,50,50,50,50
2,-1,-1,75,85,85,85,1
2,2,1,68,66,67,64,58
1,2,1,65,70,70,90,70
2,2,2,52,52,50,53,54
1,-1,-1,71,56,62,66,53
2,2,2,92,92,93,51,48
2,1,2,50,56,45,35,35
1,-1,-1,78,65,66,71,62
1,-1,-1,94,79,94,91,85
1,2,2,53,53,53,53,53
1,-1,-1,93,94,92,94,88
2,1,2,99,99,100,97,6
1,-1,-1,48,84,17,47,18
1,-1,-1,50,53,51,52,38
1,2,2,89,26,38,79,38
1,2,1,50,54,48,52,0
1,-1,-1,64,47,60,32,50
2,-1,-1,100,100,100,100,2
2,2,2,57,60,51,54,50
1,-1,-1,50,50,50,50,50
1,2,1,53,54,54,50,52
1,-1,-1,49,52,100,45,30
1,2,1,63,63,62,90,50
1,-1,-1,24,53,21,21,20
1,-1,-1,100,69,94,93,97
2,2,2,98,96,94,84,8
1,2,2,81,66,80,86,85
1,2,2,100,100,100,100,100
1,2,1,100,100,98,100,100
1,-1,-1,6,58,6,32,5
1,2,2,86,80,85,86,50
1,-1,-1,79,52,81,41,21
2,2,2,70,73,70,57,70
1,-1,-1,66,70,70,71,41
1,1,1,26,63,27,63,23
2,2,2,31,42,32,42,32
1,-1,-1,80,87,53,99,5
2,2,2,45,46,57,47,55
1,2,2,51,81,70,94,19
1,2,2,100,100,73,100,100
2,2,1,90,90,90,80,40
2,2,2,100,99,99,98,8
1,-1,-1,74,89,16,67,23
1,2,2,99,97,100,96,96
2,-1,-1,76,94,87,92,2
1,2,1,89,79,84,73,88
1,-1,-1,70,71,69,71,69
2,-1,-1,3,88,69,6,1
1,2,2,70,50,50,50,50
2,-1,-1,50,50,50,50,39
1,2,2,91,88,91,91,91
1,2,1,66,53,63,52,66
1,-1,-1,99,100,98,99,51
1,2,1,86,83,83,75,6
1,-1,-1,75,70,76,76,50
1,2,1,78,83,82,90,75
1,-1,-1,79,74,70,51,50
1,-1,-1,98,99,99,99,70
1,-1,-1,70,70,64,70,55
2,2,2,70,74,66,66,11
1,2,1,3,0,1,3,2
1,2,1,50,0,2,7,48
2,2,1,89,100,49,79,1
1,2,2,81,91,71,70,69
1,-1,-1,85,82,83,80,2
2,-1,-1,99,100,100,97,49
1,-1,-1,100,100,100,100,100
2,2,2,60,100,56,90,0
2,1,2,99,99,99,99,69
2,2,2,69,74,9,48,0
1,-1,-1,97,97,96,94,51
2,2,2,60,61,69,99,56
1,-1,-1,48,69,49,69,10
2,2,2,81,89,69,70,9
1,-1,-1,-7,71,69,53,50
1,1,2,87,46,47,41,40
1,-1,-1,26,75,25,36,8
2,1,1,54,56,57,55,27
1,-1,-1,75,22,72,50,50
2,-1,-1,77,79,79,79,41
1,-1,-1,75,75,75,70,60
2,2,2,57,50,48,49,58
1,-1,-1,78,77,81,74,100
1,2,1,99,66,100,96,100
1,1,1,84,51,86,88,50
1,2,1,77,62,91,37,34
1,-1,-1,61,90,70,88,0
1,2,2,100,98,97,100,100
1,-1,-1,85,100,60,100,0
2,2,2,56,76,46,50,39
2,1,2,85,88,85,79,66
1,2,2,64,65,64,63,71
2,-1,-1,80,80,80,80,50
2,2,1,51,51,51,50,50
1,-1,-1,72,75,72,69,72
1,-1,-1,100,80,90,100,91
2,-1,-1,50,-7,50,50,1
1,-1,-1,60,51,70,80,61
1,1,2,81,96,89,70,7
1,2,2,100,100,96,100,97
2,-1,-1,80,80,75,80,50
1,-1,-1,45,74,40,70,28
2,1,1,52,55,95,59,59
1,-1,-1,91,91,80,90,91
1,-1,-1,100,50,61,40,80
1,2,1,100,100,100,99,98
1,2,2,100,50,100,100,100
2,2,1,86,81,71,81,16
1,-1,-1,100,27,70,55,50
1,2,1,92,81,89,91,51
1,2,1,50,50,50,51,47
2,2,2,50,50,50,50,46
1,-1,-1,98,100,100,100,100
1,-1,-1,100,100,100,100,100
1,2,1,84,85,84,86,80
1,2,1,95,90,95,89,90
1,-1,-1,58,60,60,56,61
1,2,1,55,56,56,56,56
1,-1,-1,50,50,50,50,50
2,-1,-1,85,84,91,91,41
1,2,2,99,100,99,98,100
1,-1,-1,70,70,71,69,59
1,2,2,100,97,99,97,73
1,-1,-1,90,90,78,91,91
1,2,2,95,63,94,82,85
1,2,1,71,73,66,78,9
1,-1,-1,66,74,69,59,53
1,-1,-1,17,86,44,97,50
1,2,2,51,50,53,50,51
1,2,1,99,99,99,99,88
1,-1,-1,50,50,50,50,50
1,2,2,60,55,64,54,30
1,-1,-1,50,50,50,50,50
1,-1,-1,70,67,72,72,73
2,2,2,99,94,92,96,38
1,-1,-1,98,95,94,96,85
1,-1,-1,88,72,76,64,63
1,-1,-1,100,99,100,90,66
1,-1,-1,96,67,89,88,86
1,2,2,50,51,50,50,52
1,2,1,91,52,86,80,87
1,-1,-1,99,99,86,85,70
1,2,1,62,71,72,72,50
1,-1,-1,40,69,49,59,51
1,1,1,94,94,91,94,10
1,-1,-1,50,78,49,27,4
1,1,1,94,96,91,82,71
1,-1,-1,71,71,70,71,50
2,2,1,50,50,50,50,50
1,-1,-1,100,60,100,100,100
1,-1,-1,96,85,96,98,77
2,2,2,90,90,41,31,4
1,2,1,50,50,50,50,50
2,-1,-1,92,96,70,81,52
1,2,2,72,73,58,37,36
1,-1,-1,70,50,76,86,70
1,2,2,59,96,5,16,23
1,-1,-1,69,73,80,99,86
1,2,2,53,72,12,47,14
1,2,1,71,89,70,70,71
1,-1,-1,96,71,96,95,95
1,-1,-1,100,50,100,100,100
1,2,2,51,50,50,50,50
2,-1,-1,100,100,100,100,0
1,-1,-1,51,70,40,50,0
1,-1,-1,80,80,80,80,80
1,2,1,2,99,88,94,3
1,2,1,90,79,85,90,80
1,-1,-1,89,90,75,90,60
1,2,1,50,50,50,50,10
1,-1,-1,54,59,50,53,51
1,1,2,50,97,72,44,41
2,2,1,80,80,80,80,31
1,2,2,88,89,89,89,87
1,-1,-1,70,70,70,70,70
1,-1,-1,55,59,50,56,50
2,1,2,95,84,98,100,51
1,-1,-1,51,50,51,52,50
2,-1,-1,97,100,100,96,100
1,2,1,82,79,79,86,34
1,-1,-1,77,16,94,100,84
1,2,1,89,50,82,91,75
1,-1,-1,97,97,97,97,97
1,2,2,80,95,70,75,71
1,2,1,70,86,81,68,53
1,-1,-1,69,59,53,69,51
1,-1,-1,71,70,71,61,70
2,-1,-1,85,87,82,81,15
2,2,1,96,97,96,96,36
1,-1,-1,57,60,59,55,50
1,-1,-1,71,60,70,71,71
1,2,2,34,88,32,51,21
1,2,2,91,89,90,100,50
1,-1,-1,100,100,100,100,100
1,-1,-1,81,81,81,80,80
1,2,1,94,95,94,95,62
1,2,1,100,82,93,100,100
1,2,2,51,59,50,49,43
1,-1,-1,50,50,50,50,50
1,2,1,50,49,53,66,53
1,-1,-1,89,89,90,95,79
1,2,2,98,98,98,99,98
1,-1,-1,60,60,60,60,19
1,-1,-1,50,61,62,42,57
1,2,1,92,86,93,94,94
1,2,2,98,50,99,96,98
1,2,2,72,78,73,73,29
1,-1,-1,63,95,80,76,77
2,2,1,51,53,50,56,52
1,-1,-1,98,96,98,97,93
1,2,2,50,21,50,51,51
1,-1,-1,96,96,93,96,89
1,2,2,94,90,91,91,90
1,-1,-1,82,98,93,78,81
1,2,2,3,100,61,50,14
1,-1,-1,70,59,69,74,52
2,2,2,92,100,90,98,12
1,-1,-1,65,69,56,56,63
1,2,1,74,81,68,56,47
1,2,1,2,98,56,12,1
2,1,2,85,99,95,90,60
1,-1,-1,75,75,50,75,15
1,2,2,83,76,83,77,77
1,2,2,80,59,41,39,81
1,2,1,80,80,83,79,84
2,2,1,91,94,40,94,3
1,-1,-1,70,41,71,71,74
2,2,2,95,95,95,95,91
-7,-7,2,50,50,50,50,2
2,-1,-1,68,62,47,53,28
1,2,2,94,95,96,94,69
1,2,1,80,80,80,90,30
2,-1,-1,52,80,41,25,28
1,-1,-1,87,81,72,89,60
1,2,1,95,95,95,96,95
2,-1,-1,66,99,70,46,34
2,2,1,50,50,50,50,50
1,-1,-1,83,79,76,79,65
1,-1,-1,84,97,74,61,15
1,2,2,88,88,88,88,89
1,-1,-1,50,51,53,51,52
1,1,2,50,50,50,51,20
1,-1,-1,99,99,100,99,91
1,2,1,56,84,44,44,25
1,-1,-1,100,50,100,100,99
1,2,1,100,100,100,100,100
1,-1,-1,90,91,90,90,71
1,-1,-1,51,50,50,50,50
1,2,1,100,100,100,100,100
1,2,2,70,70,70,69,18
1,-1,-1,79,86,87,78,80
2,1,2,79,84,78,79,21
1,-1,-1,71,80,70,75,71
1,-1,-1,85,87,78,77,75
1,2,1,69,71,66,71,65
2,1,1,60,99,60,91,2
1,-1,-1,50,51,50,51,51
1,-1,-1,41,51,50,70,41
1,2,1,94,58,87,93,89
1,-1,-1,50,50,50,50,42
1,-1,-1,99,70,76,78,59
1,2,1,87,86,87,84,86
2,1,2,51,53,51,50,1
2,-1,-1,100,100,94,93,72
1,-1,-1,72,70,70,70,71
1,2,1,55,60,53,55,51
1,1,2,97,96,99,97,43
2,-1,-1,48,60,49,70,0
1,-1,-1,99,100,100,100,98
1,2,2,63,56,60,63,51
2,-1,-1,98,99,99,99,30
1,-1,-1,55,51,51,50,16
2,2,2,100,100,98,100,1
1,-1,-1,69,98,97,75,34
2,-1,-1,99,100,100,99,5
1,2,2,100,100,100,100,100
1,2,1,50,44,51,60,56
2,2,2,34,38,21,25,10
2,2,1,100,99,100,100,52
1,-1,-1,50,50,49,48,53
1,-1,-1,51,51,51,51,51
1,-1,-1,90,77,78,54,50
1,-1,-1,52,53,53,51,53
2,2,2,41,50,40,42,20
2,2,1,97,98,98,99,85
2,-1,-1,50,50,50,50,50
1,-1,-1,77,77,83,88,75
1,-1,-1,92,82,91,85,86
2,1,2,64,73,63,73,29
1,2,1,77,88,85,62,29
1,2,2,99,80,98,72,91
2,2,1,97,97,97,97,97
1,2,2,74,59,84,82,63
1,2,1,91,82,85,85,80
1,2,1,97,85,97,77,97
1,2,2,60,60,60,40,40
1,-1,-1,95,91,98,98,94
1,2,1,97,95,97,98,89
2,-1,-1,2,75,3,10,3
1,2,1,95,86,94,88,89
1,-1,-1,57,51,15,10,51
1,2,2,59,61,52,47,31
1,2,1,75,75,75,75,50
2,-1,-1,99,97,99,99,76
2,2,1,73,86,74,72,2
1,-1,-1,89,74,87,90,84
1,-1,-1,50,50,50,51,50
1,-1,-1,76,98,78,50,50
2,2,1,73,87,66,92,66
1,2,1,91,91,98,100,94
1,2,1,64,89,69,66,51
1,1,2,50,50,50,50,50
1,-1,-1,60,63,60,61,49
1,2,2,92,82,95,97,86
1,2,2,70,69,71,69,69
1,-1,-1,63,43,63,68,54
1,-1,-1,97,97,93,97,6
2,-1,-1,50,50,50,50,15
1,2,1,83,44,52,50,36
1,-1,-1,51,51,51,51,51
1,2,1,100,100,100,100,100
1,2,1,96,88,92,91,94
1,-1,-1,50,50,50,50,50
1,2,1,90,87,91,89,90
1,2,1,75,73,74,73,51
1,-1,-1,100,100,93,100,3
1,-1,-1,93,86,86,82,82
1,2,1,97,2,91,91,79
2,-1,-1,69,70,68,68,32
1,2,2,50,70,52,72,6
1,2,2,100,99,98,97,99
1,-1,-1,63,81,73,79,57
1,2,1,70,71,71,69,21
2,-1,-1,52,50,44,51,51
1,2,1,100,80,99,99,93
2,1,2,82,89,63,86,0
1,2,1,100,66,91,100,97
1,-1,-1,12,80,55,41,3
1,2,1,85,87,85,84,84
1,-1,-1,70,53,70,70,50
1,-1,-1,72,93,81,78,80
1,2,2,91,80,98,94,72
2,-1,-1,50,50,50,50,11
2,2,1,50,50,50,50,50
1,-1,-1,100,100,99,100,100
2,2,1,84,84,81,83,42
1,2,1,50,50,50,50,50
1,-1,-1,81,80,81,79,81
1,-1,-1,70,65,70,65,70
2,1,2,50,50,50,50,31
1,-1,-1,22,70,86,86,84
1,2,1,73,66,69,69,59
2,2,1,100,100,100,100,2
1,2,2,83,84,71,99,78
1,-1,-1,97,99,97,96,65
1,-1,-1,93,94,93,93,30
2,-1,-1,95,99,95,94,35
1,2,1,1,85,24,50,2
1,2,2,100,71,87,81,75
2,2,1,95,87,94,88,74
1,2,2,97,81,97,98,96
1,-1,-1,79,79,78,79,79
2,2,2,54,53,54,54,50
1,-1,-1,73,71,73,69,71
1,2,1,96,94,96,96,41
1,2,2,77,70,87,78,77
1,-1,-1,71,70,70,67,47
1,2,2,83,78,85,83,83
2,-1,-1,99,99,99,98,0
1,2,2,90,75,77,71,65
2,-1,-1,89,88,90,91,88
2,1,2,100,100,100,100,40
1,2,1,72,98,50,51,2
1,2,1,50,51,54,38,46
1,2,2,70,72,55,51,66
2,2,2,95,99,42,95,1
1,-1,-1,72,75,72,90,72
1,2,1,100,88,98,98,99
2,-1,-1,81,80,61,76,6
1,-1,-1,100,100,100,100,2
2,2,1,51,50,50,50,16
1,1,2,50,99,100,100,51
1,-1,-1,59,69,64,61,62
1,2,1,96,94,91,97,94
1,2,1,50,50,50,50,50
1,-1,-1,90,91,91,91,89
2,-1,-1,90,90,80,90,50
2,-1,-1,90,90,90,90,90
2,2,2,50,50,41,50,0
1,2,2,59,61,59,61,44
1,-1,-1,90,90,90,89,88
2,1,2,77,76,64,76,44
1,-1,-1,51,51,51,52,30
1,-1,-1,40,74,58,74,56
1,2,1,51,50,51,48,10
1,2,2,91,72,92,94,91
2,-1,-1,55,56,42,46,36
1,2,1,100,100,100,100,100
2,-1,-1,86,86,78,86,71
1,-1,-1,100,100,97,99,3
1,2,2,81,79,63,61,63
1,-1,-1,74,95,65,78,19
1,-1,-1,91,68,93,84,94
1,-1,-1,51,53,51,66,59
2,1,2,92,98,92,98,0
1,2,1,70,91,63,90,30
1,-1,-1,71,50,90,40,80
1,-1,-1,51,52,51,50,51
1,2,1,88,86,89,88,88
1,2,1,82,80,81,81,81
1,2,1,50,50,50,50,50
2,-1,-1,96,95,95,96,71
2,-1,-1,59,48,41,49,38
1,-1,-1,100,100,99,99,98
1,2,2,50,50,50,50,51
1,-1,-1,72,78,74,74,5
2,-1,-1,96,99,99,99,1
1,2,1,52,42,52,50,52
1,-1,-1,74,69,77,69,53
2,-1,-1,50,50,50,50,40
1,2,2,74,52,52,75,52
1,2,1,100,100,100,100,100
1,2,1,50,55,59,43,50
2,2,1,78,81,78,81,64
1,-1,-1,50,50,50,50,50
1,2,2,83,97,50,44,25
1,1,2,70,53,99,74,99
1,1,1,50,50,50,50,50
2,-1,-1,100,99,54,65,47
1,2,1,89,90,90,90,89
1,-1,-1,68,72,72,72,78
2,2,2,100,100,97,99,53
2,-1,-1,63,71,64,66,3
1,2,2,85,84,87,81,83
1,-1,-1,36,96,47,52,22
2,-1,-1,80,83,88,80,49
1,-1,-1,79,72,84,60,50
1,2,1,50,50,50,50,50
1,2,2,73,69,69,68,69
2,-1,-1,97,97,93,99,18
1,2,1,79,84,88,83,79
1,-1,-1,90,40,89,90,89
1,2,2,75,76,70,74,70
1,-1,-1,98,79,99,97,88
2,-1,-1,61,8,0,14,4
2,2,2,100,100,100,100,50
1,2,1,75,30,84,90,60
1,2,1,100,100,100,100,100
1,-1,-1,46,46,75,50,58
2,2,2,52,27,41,53,31
1,2,1,75,90,81,85,75
1,-1,-1,63,67,50,50,16
1,-1,-1,70,52,67,68,68
1,-1,-1,99,100,94,86,3
2,2,2,96,81,77,85,3
1,2,1,53,51,52,53,51
1,-1,-1,76,100,99,85,70
2,2,1,100,100,100,100,0
1,2,1,86,86,86,86,86
2,-1,-1,100,82,98,69,7
1,-1,-1,96,85,84,86,87
1,2,1,51,62,51,50,51
2,-1,-1,92,78,88,88,90
2,2,2,81,81,71,80,6
1,2,1,95,81,76,90,71
1,1,2,100,100,100,100,40
2,-1,-1,75,88,82,97,30
2,1,2,78,72,63,69,7
1,-1,-1,51,52,52,51,51
1,1,2,65,66,63,62,60
2,2,1,84,84,84,86,9
1,-1,-1,50,50,50,50,50
2,1,2,84,87,53,78,1
1,-1,-1,95,87,84,81,69
2,-1,-1,66,88,98,93,88
2,-1,-1,99,99,99,99,29
1,2,1,80,81,80,80,60
1,2,2,80,80,80,81,78
2,1,2,100,99,90,100,61
1,-1,-1,91,89,89,90,85
1,-1,-1,100,100,100,100,100
1,1,2,94,78,80,79,71
2,1,2,91,84,90,88,68
1,2,1,21,62,17,46,33
2,-1,-1,96,92,92,94,1
1,2,1,100,100,100,100,33
1,1,2,59,86,72,63,4
1,-1,-1,79,71,60,60,52
1,2,1,46,96,56,76,31
2,-1,-1,59,64,5,11,2
1,-1,-1,85,65,65,65,65
1,-1,-1,99,100,98,98,35
2,2,2,50,52,47,50,32
1,2,2,100,100,100,100,100
1,2,1,100,95,100,100,99
1,-1,-1,50,50,50,50,50
1,-1,-1,95,95,95,84,80
1,-1,-1,98,55,75,62,41
2,2,1,99,98,98,98,50
2,2,2,50,51,50,50,51
1,2,1,73,60,75,92,65
1,-1,-1,51,50,31,31,20
1,-1,-1,61,60,60,60,0
1,2,2,43,41,58,56,42
2,2,2,71,79,75,92,50
1,-1,-1,60,80,60,80,50
1,-1,-1,84,90,75,86,71
1,-1,-1,72,61,70,70,71
1,2,1,51,51,51,51,51
2,1,2,100,92,73,94,4
1,2,1,82,72,75,76,66
2,-1,-1,84,81,50,57,8
2,-1,-1,100,100,51,100,2
1,-1,-1,50,51,1,6,0
1,2,2,71,100,56,56,31
1,-1,-1,100,41,100,99,100
1,2,2,90,90,80,80,30
1,-1,-1,75,75,76,74,73
2,2,2,97,53,46,57,48
2,-1,-1,95,94,95,98,93
1,2,2,95,86,85,84,84
2,-1,-1,58,62,54,57,59
1,-1,-1,95,42,52,49,51
1,2,2,97,100,100,99,90
2,-1,-1,50,72,58,69,34
1,-1,-1,90,90,84,84,87
2,-1,-1,62,66,60,71,63
1,-1,-1,50,51,52,51,53
1,-1,-1,3,99,2,9,2
2,2,2,100,100,99,100,99
1,2,2,8,69,41,81,25
1,2,2,100,100,100,100,93
1,-1,-1,90,90,90,91,90
1,2,1,100,95,100,100,100
2,-1,-1,95,96,93,95,92
1,-1,-1,99,99,51,90,41
1,-1,-1,49,50,50,51,1
2,1,2,93,87,86,92,94
1,-1,-1,60,40,70,90,60
1,2,1,89,90,90,89,50
1,-1,-1,100,56,100,100,99
1,-1,-1,65,60,70,66,51
2,-1,-1,88,52,81,94,49
2,2,2,20,88,16,9,17
1,2,2,100,100,100,100,72
2,-1,-1,100,100,96,100,81
1,-1,-1,68,72,60,71,50
2,1,2,27,3,3,5,2
1,2,2,0,100,6,98,3
1,-1,-1,100,100,100,100,100
1,2,1,95,94,97,94,68
1,-1,-1,78,85,88,75,31
2,2,1,100,95,100,100,60
1,2,1,85,87,87,89,49
2,-1,-1,30,70,41,80,0
1,2,2,80,100,100,100,20
1,-1,-1,100,100,100,100,78
1,2,1,52,50,53,50,51
1,2,2,87,80,89,84,86
1,-1,-1,69,69,67,69,50
1,2,2,66,60,67,63,52
1,-1,-1,62,48,78,86,76
2,-1,-1,100,100,100,100,52
1,2,1,95,79,95,100,99
1,2,1,80,80,80,80,80
1,2,2,82,86,84,84,79
1,-1,-1,98,97,98,100,27
2,-1,-1,100,100,91,97,54
2,2,1,97,99,97,100,100
1,-1,-1,63,99,50,60,12
1,-1,-1,80,71,80,88,66
1,2,2,3,60,2,20,11
1,2,1,81,81,93,70,63
2,-1,-1,100,70,92,90,85
1,2,1,72,62,94,70,53
1,-1,-1,89,89,72,84,88
2,1,1,46,50,60,57,62
1,2,1,16,100,28,85,5
1,-1,-1,46,47,47,47,34
1,-1,-1,55,59,55,53,46
1,2,1,11,89,21,9,5
1,-1,-1,57,52,56,50,48
1,-1,-1,82,79,82,86,67
1,-1,-1,77,75,68,44,42
1,2,1,52,52,52,51,51
2,2,1,54,55,51,53,53
1,-1,-1,50,89,51,89,5
1,-1,-1,80,95,85,85,50
1,-1,-1,70,62,63,54,66
1,2,1,63,59,60,44,50
1,2,1,60,43,51,57,50
1,-1,-1,46,44,61,52,54
2,-1,-1,100,100,100,100,41
1,1,2,100,63,82,79,91
1,2,2,73,75,72,66,70
2,-1,-1,100,100,100,99,16
2,-1,-1,49,66,49,47,42
1,2,1,100,100,100,100,99
2,-1,-1,50,50,51,50,50
1,1,1,100,99,100,100,100
2,1,1,98,99,98,100,42
1,-1,-1,50,50,85,85,85
1,-1,-1,100,100,100,100,100
2,-1,-1,54,50,58,53,21
1,2,1,63,55,99,54,1
1,-1,-1,99,97,99,98,98
2,1,2,8,80,25,39,15
1,2,1,82,39,65,52,50
1,-1,-1,56,56,56,52,50
1,-1,-1,100,31,100,100,100
2,-1,-1,86,83,84,90,1
1,2,1,72,70,69,70,70
1,-1,-1,75,97,82,99,5
1,-1,-1,52,83,60,59,0
1,2,1,91,77,81,88,75
1,-1,-1,65,76,71,71,50
1,2,2,49,47,46,50,51
2,-1,-1,52,53,50,54,53
2,2,2,94,97,97,96,94
1,-1,-1,52,78,24,8,2
1,2,1,60,61,61,57,50
1,-1,-1,70,70,70,70,0
1,-1,-1,50,90,59,75,89
1,2,1,95,98,88,98,72
1,-1,-1,84,55,94,85,68
1,2,1,100,100,100,100,0
1,2,2,64,46,63,55,69
1,-1,-1,90,66,94,94,88
1,-1,-1,50,50,53,51,20
1,2,1,90,38,91,91,92
1,-1,-1,94,90,91,99,88
2,-1,-1,50,100,51,50,20
1,1,2,100,100,100,100,21
1,2,1,96,49,95,94,94
1,1,2,11,99,28,60,27
1,-1,-1,61,40,81,60,51
1,-1,-1,83,86,88,82,76
1,2,2,91,86,48,72,0
1,2,1,50,50,51,51,31
1,-1,-1,91,99,100,91,10
1,-1,-1,71,100,50,40,19
1,2,2,70,51,50,49,49
1,-1,-1,77,75,98,73,53
1,-1,-1,89,95,100,96,70
1,-1,-1,100,98,100,48,49
2,2,2,84,70,88,81,69
2,-1,-1,56,55,55,61,54
2,2,2,85,84,81,85,20
1,-1,-1,90,99,89,89,89
1,1,2,33,52,52,40,49
1,-1,-1,63,69,66,61,95
1,2,2,100,100,100,100,100
1,1,2,80,72,76,71,73
1,-1,-1,79,96,70,87,70
2,2,1,95,97,99,98,51
1,2,1,99,89,94,99,88
2,2,1,100,100,100,100,50
1,-1,-1,52,56,56,63,66
1,2,2,51,50,78,49,51
2,-1,-1,44,56,50,41,52
1,-1,-1,85,70,85,70,80
1,2,1,90,87,91,90,86
1,2,2,50,50,6,24,12
2,-1,-1,80,80,80,80,50
1,-1,-1,50,50,50,50,50
1,-1,-1,50,50,50,50,1
1,-1,-1,50,50,50,50,50
2,2,2,46,53,50,31,50
1,-1,-1,90,41,70,74,85
1,-1,-1,99,70,91,70,76
2,-1,-1,50,100,29,37,11
2,-1,-1,90,89,79,81,80
1,-1,-1,100,93,100,100,100
2,2,2,88,86,80,64,65
2,-1,-1,91,89,90,81,52
1,-1,-1,40,50,50,80,21
1,-1,-1,96,78,64,45,49
2,-1,-1,72,74,61,63,65
2,2,1,50,91,76,100,50
1,2,2,100,89,57,40,73
1,-1,-1,87,85,85,82,77
2,-1,-1,51,51,51,50,33
1,1,2,49,51,51,56,50
1,-1,-1,78,50,88,74,52
1,-1,-1,100,100,100,100,52
1,2,2,99,69,100,65,55
1,2,1,96,100,66,57,1
1,-1,-1,61,60,62,63,66
2,2,1,96,100,91,96,51
2,-1,-1,50,51,52,51,4
1,-1,-1,66,66,53,60,65
1,2,1,100,99,100,100,99
1,-1,-1,69,72,73,99,52
2,2,2,97,95,93,96,55
1,-1,-1,79,6,56,91,82
1,2,1,84,84,84,84,16
2,-1,-1,70,70,70,70,50
1,-1,-1,85,54,90,76,61
2,1,1,53,53,53,77,53
2,-1,-1,81,95,70,95,50
1,-1,-1,98,35,29,12,55
2,-1,-1,60,69,66,77,75
1,-1,-1,100,100,100,100,100
2,-1,-1,100,100,100,100,100
1,2,1,85,85,85,85,80
2,2,2,91,90,51,90,80
2,1,2,60,60,60,60,0
2,-1,-1,46,39,27,38,54
1,2,1,50,50,50,50,15
1,-1,-1,51,50,50,51,51
1,-1,-1,30,38,30,31,0
1,-1,-1,80,83,82,54,59
1,2,1,66,43,50,50,50
2,2,2,70,71,71,69,0
1,2,1,93,41,87,87,67
1,-1,-1,61,72,61,71,53
1,-1,-1,75,75,78,77,51
2,-1,-1,100,100,100,100,52
2,-1,-1,60,76,51,59,19
1,2,1,88,96,97,84,94
1,-1,-1,89,98,60,59,30
1,2,1,50,100,46,49,38
1,2,1,67,51,70,55,28
1,-1,-1,84,85,89,85,85
1,2,1,75,75,75,74,22
1,2,2,100,100,100,100,100
1,-1,-1,99,81,66,65,50
1,-1,-1,53,52,51,50,56
2,-7,2,95,95,95,100,51
1,-1,-1,96,90,85,91,90
1,2,1,99,99,99,99,55
2,-1,-1,51,50,51,51,40
2,2,2,60,71,50,70,0
1,-1,-1,70,70,69,72,69
1,2,-7,98,78,90,94,83
1,-1,-1,51,51,50,52,50
1,2,2,92,90,90,88,90
1,-1,-1,97,80,100,98,99
1,-1,-1,82,64,67,55,25
1,2,2,99,12,99,99,98
2,2,2,56,54,45,41,48
2,2,1,79,79,80,80,50
1,-1,-1,97,79,71,62,86
1,-1,-1,52,52,53,53,52
1,1,1,86,20,99,47,17
2,-1,-1,100,100,100,100,100
1,2,2,100,67,99,100,100
1,2,2,60,81,50,38,41
1,-1,-1,41,41,40,59,41
1,-1,-1,99,100,95,91,82
1,-1,-1,97,100,43,83,65
2,2,1,48,96,38,86,33
1,2,1,68,68,68,70,64
1,-1,-1,68,88,45,56,1
1,2,2,60,67,60,72,61
1,-1,-1,68,58,64,75,82
2,-1,-1,61,99,29,51,9
1,-1,-1,93,92,96,95,85
1,2,1,100,100,100,100,100
1,-1,-1,71,71,71,71,71
1,-1,-1,50,62,57,61,59
1,-1,-1,63,74,50,70,41
1,2,1,100,100,100,100,100
1,2,1,98,98,95,98,96
2,-1,-1,79,80,77,79,71
1,2,1,69,64,65,63,72
1,2,2,50,50,50,50,50
1,2,2,70,56,69,68,60
1,2,1,100,69,94,100,95
2,-1,-1,100,100,100,100,51
2,-1,-1,74,76,76,73,73
1,2,1,82,44,69,66,60
2,-1,-1,43,69,6,4,5
1,2,1,50,50,50,50,50
2,-1,-1,100,88,86,93,99
-7,-1,-1,67,70,70,74,33
1,-1,-1,76,74,94,92,69
1,2,2,45,50,34,50,17
1,-1,-1,55,57,68,52,53
1,-1,-1,48,0,49,49,48
1,2,1,71,99,51,88,51
1,2,1,51,50,50,51,50
1,-1,-1,100,50,100,100,100
2,2,2,94,88,82,68,10
1,-1,-1,7,88,8,78,0
1,2,1,100,89,91,81,72
1,-1,-1,92,75,64,72,83
1,2,1,73,72,72,75,53
1,2,1,66,66,43,53,41
2,1,2,84,89,86,90,86
1,-1,-1,90,43,88,86,86
1,2,2,90,90,90,90,40
1,-1,-1,88,90,91,91,88
1,2,2,82,92,59,70,15
2,-1,-1,94,84,51,61,74
1,-1,-1,90,100,92,65,40
2,-1,-1,50,50,50,50,4
1,-1,-1,100,78,100,100,97
2,2,1,79,94,74,75,1
1,-1,-1,97,86,100,99,85
1,1,2,51,91,61,52,100
1,-1,-1,50,50,50,50,31
1,2,1,55,40,78,71,38
2,-1,-1,53,53,51,51,1
1,2,2,72,77,79,85,81
1,-1,-1,67,70,68,69,3
1,-1,-1,100,94,100,100,100
2,2,2,50,53,47,50,3
1,-1,-1,50,51,50,50,52
1,2,2,67,66,69,79,16
1,-1,-1,100,50,51,48,19
2,-1,-1,85,85,86,85,85
2,2,1,85,90,80,85,80
2,2,2,79,98,57,59,4
2,-1,-1,19,47,11,62,31
1,2,1,52,53,52,42,53
2,1,2,82,94,59,63,22
1,-1,-1,81,100,16,71,0
2,-1,-1,53,73,80,62,44
1,2,2,48,51,59,51,51
1,-1,-1,46,91,50,50,52
2,-1,-1,58,60,60,56,55
1,-1,-1,100,98,100,72,87
1,-1,-1,47,64,48,64,42
2,-1,-1,100,100,100,100,50
1,2,1,50,50,50,50,50
2,-1,-1,52,50,50,50,39
1,2,1,41,87,60,56,40
1,-1,-1,100,100,100,100,100
1,2,2,80,63,67,43,42
1,-1,-1,50,51,46,45,41
1,-1,-1,77,78,84,85,73
2,2,2,9,96,6,6,3
1,2,1,76,76,73,77,51
2,-1,-1,50,50,50,50,50
1,-1,-1,88,47,88,57,63
1,2,2,50,69,57,44,7
1,2,2,71,70,70,70,68
1,1,2,97,95,95,95,88
1,-1,-1,50,50,50,50,0
1,2,1,53,90,52,51,50
1,2,2,63,64,57,54,46
1,2,1,42,50,51,50,41
1,-1,-1,100,100,100,47,1
1,2,1,83,75,88,88,94
1,-1,-1,88,81,72,81,77
2,-1,-1,69,91,63,62,1
1,1,1,13,63,16,8,11
1,2,1,87,52,91,85,84
1,-1,-1,94,91,97,99,98
1,2,1,51,51,50,50,48
1,2,2,11,36,87,61,13
1,2,2,100,73,100,79,82
1,-1,-1,98,95,94,96,94
1,-1,-1,61,69,53,71,32
2,-1,-1,51,51,52,51,15
1,2,1,68,68,68,68,69
1,1,2,49,72,57,48,75
2,-1,-1,98,99,100,9,20
1,1,2,26,34,100,30,41
1,-1,-1,71,61,100,52,63
1,-1,-1,89,88,91,76,66
1,-1,-1,99,99,97,99,94
1,-1,-1,72,58,77,76,73
1,1,1,93,93,98,88,72
1,-1,-1,100,100,100,99,42
1,-1,-1,85,74,81,82,72
1,2,2,75,88,75,45,12
1,-1,-1,80,80,80,79,79
1,-1,-1,2,100,3,1,2
2,2,2,89,93,90,88,47
1,-1,-1,100,95,100,100,100
2,-1,-1,80,80,80,67,22
1,-1,-1,69,94,50,91,28
1,2,2,100,99,98,99,98
1,-1,-1,100,100,100,100,100
1,2,1,70,80,90,90,50
1,-1,-1,-7,-7,-7,-7,-7
1,2,1,52,50,50,72,67
1,-1,-1,53,23,51,53,36
1,2,1,51,91,41,50,22
1,2,1,40,85,48,59,40
1,-1,-1,50,83,55,50,50
1,-1,-1,100,99,100,100,100
1,2,2,87,90,93,96,87
1,1,1,11,94,22,31,26
2,-1,-1,93,94,93,88,45
1,2,2,100,19,100,100,100
1,2,1,92,92,87,97,47
2,-1,-1,100,100,100,100,10
1,-1,-1,94,79,90,91,87
1,2,1,71,52,53,56,53
1,-1,-1,59,80,50,61,38
1,1,1,61,69,40,51,50
2,2,2,100,100,100,100,100
2,-1,-1,55,61,36,25,27
1,-1,-1,39,42,41,56,40
1,2,1,51,50,50,50,50
1,-1,-1,66,50,72,64,66
1,-1,-1,72,73,83,74,75
1,2,1,51,51,51,50,51
1,2,1,79,51,50,51,51
2,-1,-1,88,98,83,93,5
1,-1,-1,94,3,93,98,20
1,2,2,91,31,91,91,100
1,-1,-1,100,51,100,100,100
1,2,2,100,100,100,99,95
2,2,1,50,50,50,50,40
1,-1,-1,80,95,75,90,75
2,2,2,52,51,51,50,53
1,2,1,50,99,52,49,28
2,2,1,62,70,60,63,59
1,2,1,95,100,95,95,0
1,-1,-1,58,69,64,75,3
2,2,2,86,80,83,92,84
1,-1,-1,91,61,90,91,71
1,-1,-1,50,50,50,50,50
1,2,1,100,94,100,99,99
2,-1,-1,50,50,50,50,49
1,-1,-1,52,50,50,52,25
1,2,2,56,62,58,56,56
1,-1,-1,2,98,11,2,1
1,2,1,96,85,93,100,94
2,2,2,53,50,47,42,50
1,-1,-1,24,23,52,57,49
2,-1,-1,88,83,91,79,12
1,-1,-1,49,49,49,49,49
1,-1,-1,73,70,70,73,63
1,2,1,91,97,61,59,30
2,-1,-1,100,100,100,100,0
1,2,2,22,50,0,85,1
1,2,2,90,94,94,91,93
2,-1,-1,48,51,50,50,30
1,1,2,89,90,90,92,89
1,-1,-1,51,47,50,49,52
1,-1,-1,50,51,50,50,50
1,1,2,50,50,50,50,50
1,-1,-1,31,71,65,85,30
1,-1,-1,64,58,57,60,69
1,2,2,76,45,65,21,13
1,-1,-1,98,70,100,98,100
1,2,2,97,66,99,97,96
2,-1,-1,79,68,48,79,72
2,-1,-1,18,99,83,32,6
1,2,1,88,47,90,91,76
1,2,1,50,50,50,52,51
1,1,2,95,60,80,60,50
1,-1,-1,97,99,11,6,12
1,1,2,99,29,80,47,40
2,-1,-1,0,2,5,2,3
1,2,1,65,91,88,79,58
1,2,2,75,75,75,75,41
1,-1,-1,56,52,55,56,59
1,2,2,100,49,82,75,73
2,2,2,0,100,0,0,0
1,1,1,77,94,71,56,88
1,2,1,58,75,64,86,55
1,2,1,52,50,51,50,50
2,1,2,54,53,50,48,3
1,-1,-1,99,50,86,100,50
1,-1,-1,88,71,75,69,68
1,-1,-1,100,100,85,92,84
1,-1,-1,56,50,54,51,53
1,-1,-1,99,87,90,99,96
2,2,1,88,90,100,74,60
2,2,2,64,45,57,50,52
1,-1,-1,85,81,69,67,53
2,-1,-1,91,90,84,85,45
2,-1,-1,59,73,57,46,59
1,1,2,51,50,52,52,52
1,-1,-1,90,90,90,90,90
1,2,1,9,61,37,20,6
1,2,2,79,86,71,67,70
2,2,2,97,95,6,0,3
1,-1,-1,31,14,98,3,23
1,2,2,93,96,100,100,100
1,-1,-1,87,86,85,85,85
2,2,1,-7,-7,-7,-7,39
1,-1,-1,95,85,99,100,90
1,-1,-1,50,50,50,50,50
1,-1,-1,87,54,92,88,52
1,-1,-1,69,31,60,34,69
1,-1,-1,85,87,91,89,91
2,2,2,98,52,36,17,44
1,2,2,90,90,90,90,90
1,-1,-1,100,64,91,61,66
1,2,1,95,72,93,89,92
2,-1,-1,3,95,3,5,3
1,2,1,50,50,50,50,50
2,1,2,96,95,94,94,51
2,-1,-1,26,97,59,99,57
2,2,1,99,100,100,99,0
1,2,2,52,56,52,54,53
1,-1,-1,52,38,50,51,47
2,-1,-1,49,53,53,53,29
1,1,1,50,50,50,50,49
1,-1,-1,100,0,50,1,50
1,2,1,95,53,96,97,98
1,2,1,91,52,53,26,39
1,-1,-1,99,99,99,100,99
1,-1,-1,72,67,73,50,71
2,1,2,99,100,100,99,100
1,2,2,70,64,67,69,66
1,1,1,53,51,99,48,46
1,2,1,50,50,50,50,50
2,2,2,52,49,66,57,65
1,2,2,50,50,50,50,50
2,1,2,46,38,36,44,43
1,-1,-1,98,93,98,36,1
2,2,2,50,66,61,61,46
1,-1,-1,47,76,49,66,20
1,2,2,100,2,67,53,94
1,2,2,85,92,69,83,2
2,-1,-1,77,85,100,44,21
1,-1,-1,100,99,96,100,95
1,1,1,99,87,79,87,81
1,-1,-1,92,55,70,70,55
1,-1,-1,60,97,50,51,49
2,2,1,78,94,51,50,30
1,-1,-1,22,92,36,81,48
1,2,1,6,95,22,41,50
2,-1,-1,50,50,50,50,50
2,-1,-1,98,98,98,96,4
2,-1,-1,48,79,17,53,16
1,1,2,91,71,94,99,60
1,2,2,59,80,64,62,60
2,-1,-1,99,100,99,98,96
1,-1,-1,88,37,72,84,87
2,-1,-1,66,63,71,68,21
1,2,1,100,100,99,98,78
1,-1,-1,65,60,60,75,65
1,2,2,81,43,88,84,72
1,-1,-1,82,86,90,89,56
2,1,2,88,88,87,86,59
1,2,2,9,51,50,52,57
1,2,1,94,97,18,19,19
1,-1,-1,54,51,54,52,54
1,2,1,100,89,100,99,98
1,2,1,100,91,100,100,100
1,-1,-1,53,59,43,48,47
1,2,1,70,70,70,70,70
1,-1,-1,86,86,86,86,86
1,-1,-1,49,21,41,50,17
1,2,2,60,75,80,49,2
1,2,2,99,65,71,71,71
2,-1,-1,97,9,19,34,21
1,2,1,31,71,30,50,16
2,-1,-1,47,60,50,49,14
1,2,2,89,90,81,69,50
1,2,1,72,54,62,69,67
1,-1,-1,100,50,62,50,79
1,2,1,96,97,99,95,93
1,2,2,0,5,50,0,50
2,-1,-1,76,91,91,90,91
1,2,2,100,40,72,62,70
1,1,2,94,7,50,57,93
2,2,1,96,96,93,97,70
1,-1,-1,99,50,99,100,95
1,-1,-1,29,40,57,53,41
1,-1,-1,100,43,100,100,77
1,-1,-1,53,59,56,61,51
1,-1,-1,51,51,51,50,41
2,2,2,49,70,80,50,50
2,-1,-1,88,69,97,100,74
1,2,1,88,89,91,89,88
1,2,1,90,90,90,90,51
1,2,1,50,40,50,50,50
2,2,2,82,77,84,81,70
1,-1,-1,93,69,71,82,59
1,2,2,74,92,71,69,36
1,-1,-1,50,50,70,49,50
2,2,2,80,80,80,80,51
1,-1,-1,50,50,50,50,50
1,2,2,74,79,65,79,72
1,2,2,69,54,41,54,36
1,-1,-1,52,49,40,56,52
1,-1,-1,80,55,55,55,45
1,-1,-1,70,90,61,79,59
2,-1,-1,90,95,90,95,0
2,1,2,4,72,1,3,0
1,-1,-1,51,51,51,50,51
1,2,1,40,49,45,71,41
2,2,2,53,72,69,51,1
1,2,1,59,53,4,28,3
1,-1,-1,1,100,20,3,1
2,2,2,51,70,50,38,6
1,2,2,100,98,100,100,98
1,1,2,88,80,91,87,30
1,1,1,87,73,50,47,72
1,2,1,66,63,84,73,34
2,-1,-1,100,88,99,100,99
2,-1,-1,100,100,100,100,100
1,2,2,82,80,80,88,84
1,1,2,0,100,1,52,0
1,-1,-1,86,59,59,58,53
1,2,1,51,50,40,71,61
1,2,1,51,50,50,81,30
1,-1,-1,88,90,82,70,74
2,-1,-1,79,6,13,30,7
1,2,1,53,51,37,9,7
2,2,2,22,31,97,2,3
1,2,2,97,98,95,91,94
1,-1,-1,88,99,80,97,55
2,-1,-1,87,89,68,65,50
1,2,2,100,100,100,100,100
1,-1,-1,39,42,41,52,38
2,2,2,90,72,84,80,88
1,-1,-1,50,52,50,75,67
1,-1,-1,32,60,47,46,24
1,-1,-1,71,65,66,68,62
2,-1,-1,87,92,91,79,87
1,-1,-1,72,70,69,56,59
2,2,1,76,84,74,80,10
1,-1,-1,100,100,100,100,50
1,-1,-1,54,36,98,100,93
1,-1,-1,90,56,90,95,86
1,2,1,51,51,50,52,35
1,-1,-1,78,50,73,57,58
1,-1,-1,100,69,93,100,100
1,-1,-1,59,60,59,50,62
2,-1,-1,12,98,4,1,2
2,-1,-1,97,93,92,93,95
1,1,1,88,75,76,23,65
1,-1,-1,80,79,80,80,77
1,2,1,83,1,100,76,81
2,1,2,50,50,50,50,50
1,-1,-1,90,91,91,92,92
1,-1,-1,100,71,67,42,31
2,-1,-1,7,8,4,13,8
2,1,2,37,100,69,97,17
1,1,1,71,63,53,69,72
1,2,1,88,87,88,86,80
2,-1,-1,78,87,81,49,11
1,-1,-1,60,90,51,60,51
1,-1,-1,2,1,2,2,9
2,-1,-1,100,100,100,100,50
1,2,1,50,50,50,50,5
1,-1,-1,93,95,83,93,93
1,2,2,86,86,86,89,87
1,-1,-1,50,50,61,50,55
2,2,1,79,99,49,79,22
2,2,2,67,61,57,82,50
1,2,1,94,99,0,86,7
2,-1,-1,100,100,100,100,1
2,2,2,13,50,13,100,13
2,2,2,69,59,83,75,34
1,-1,-1,6,16,1,9,1
1,2,2,89,51,30,47,47
1,2,1,100,96,99,100,100
1,2,2,51,59,82,81,66
1,1,2,100,100,100,100,100
1,2,1,90,90,90,90,50
2,2,2,95,95,94,95,35
2,-1,-1,95,100,88,99,78
1,-1,-1,76,71,77,85,66
1,-1,-1,50,50,50,50,50
2,-1,-1,13,100,52,100,6
1,1,1,100,56,52,43,40
1,1,2,99,50,97,99,96
1,-1,-1,51,51,66,51,51
1,1,2,92,72,97,51,6
1,-1,-1,66,20,66,90,75
1,2,1,2,67,11,62,78
1,2,2,98,100,59,99,58
1,-1,-1,87,90,85,85,87
1,2,2,19,31,48,41,9
1,-1,-1,100,0,31,23,50
1,-1,-1,60,53,100,63,68
2,2,1,54,34,25,26,3
1,2,1,81,86,81,81,76
1,2,1,59,70,61,65,45
1,-1,-1,63,97,3,70,44
1,-1,-1,50,96,100,6,6
1,2,1,90,90,90,90,60
-7,-1,-1,67,50,47,56,48
2,-1,-1,40,75,85,30,5
2,2,1,50,50,50,50,50
2,-1,-1,76,74,72,77,22
1,-1,-1,76,72,74,71,72
1,2,2,83,77,85,90,84
1,-1,-1,59,62,63,58,50
1,-1,-1,75,100,99,100,0
1,2,1,80,100,50,50,50
1,-1,-1,97,90,97,100,99
1,2,1,60,76,60,60,0
1,2,2,71,72,58,58,28
1,-1,-1,70,70,75,82,50
1,2,2,20,11,2,27,1
2,2,2,90,55,90,90,89
1,2,2,44,90,50,11,52
1,2,2,78,70,73,71,72
1,-1,-1,66,50,91,71,66
2,2,1,81,90,82,76,9
1,2,2,71,81,90,65,66
1,-1,-1,100,100,100,100,100
2,1,2,50,50,50,50,0
1,2,1,1,4,6,3,3
1,2,2,70,70,50,50,50
1,-1,-1,82,78,71,80,64
1,2,1,100,99,98,100,100
2,-1,-1,31,78,41,16,24
1,-1,-1,76,71,72,70,15
1,-1,-1,100,27,99,100,1
1,2,2,53,50,52,52,50
1,2,1,68,81,67,71,75
1,2,2,50,4,53,50,28
1,-1,-1,4,59,29,75,74
1,2,1,50,51,49,51,0
1,2,2,69,97,83,100,1
1,-1,-1,42,54,48,52,47
1,-1,-1,58,54,75,63,46
1,-1,-1,53,62,52,54,46
1,2,1,45,45,45,45,45
1,-1,-1,93,97,80,85,78
1,-1,-1,41,50,80,49,51
1,2,2,99,100,55,95,1
1,-1,-1,99,100,75,42,6
2,2,2,33,88,89,99,92
1,-1,-1,98,98,98,98,50
1,2,2,99,100,99,100,100
1,2,2,51,50,54,52,50
1,-1,-1,91,89,90,90,50
1,2,1,95,95,95,95,95
1,-1,-1,51,51,51,51,50
1,2,1,50,50,50,50,50
1,2,2,91,52,41,35,40
1,-1,-1,63,62,61,60,61
2,2,2,95,95,95,95,95
1,-1,-1,95,93,90,92,51
1,-1,-1,85,69,76,74,57
1,1,2,57,52,55,49,45
1,-1,-1,100,13,51,22,99
2,-1,-1,68,71,58,65,70
1,-1,-1,50,53,49,50,3
1,2,2,81,95,60,50,55
1,-1,-1,75,42,75,75,66
1,2,1,87,90,90,88,88
1,2,1,10,100,84,87,0
1,1,2,50,50,51,51,41
1,-1,-1,78,71,75,73,69
1,2,2,72,53,70,41,41
2,2,1,48,52,40,41,49
1,2,2,99,68,80,90,86
1,-1,-1,100,100,98,100,100
1,2,2,100,100,100,99,100
2,2,1,58,30,59,59,52
1,-1,-1,96,94,91,96,4
2,2,2,81,80,81,81,77
2,-1,-1,50,0,50,50,50
2,2,2,11,85,47,79,22
1,-1,-1,49,50,49,50,47
1,-1,-1,72,71,71,71,72
1,2,1,70,70,70,71,51
1,2,2,44,100,49,60,31
1,-1,-1,50,50,56,51,48
1,2,1,67,77,70,63,60
2,-1,-1,74,75,71,72,72
2,-1,-1,85,90,68,49,17
1,2,1,89,86,90,86,86
1,-1,-1,79,84,66,76,68
1,2,1,51,42,50,50,50
2,-1,-1,100,90,95,81,60
1,2,1,91,95,90,90,90
2,2,1,69,69,69,69,51
1,2,2,81,90,80,89,18
2,-1,-1,48,98,38,39,30
1,-1,-1,50,51,51,52,51
2,-1,-1,51,66,31,30,30
2,-1,-1,71,82,38,24,0
2,1,1,73,74,30,63,53
1,2,2,100,100,100,100,31
1,-1,-1,61,60,59,50,56
2,2,1,53,72,56,12,2
1,2,2,92,91,97,91,88
1,-1,-1,57,47,27,33,16
2,2,2,81,100,30,6,0
1,1,2,40,98,42,98,51
1,2,2,89,70,90,79,90
2,2,2,3,10,10,15,7
1,2,1,59,80,99,67,67
1,2,1,100,20,100,100,90
2,2,1,61,70,60,63,64
1,2,1,41,84,5,75,52
2,1,1,94,84,100,93,99
1,-1,-1,70,90,50,50,1
2,2,1,90,91,70,70,0
1,-1,-1,53,51,72,64,41
2,2,2,100,100,100,97,1
2,-1,-1,51,91,35,55,20
1,-1,-1,94,89,90,94,89
2,-1,-1,87,94,92,91,31
1,2,2,50,50,50,50,50
2,-1,-1,89,91,48,50,2
2,-1,-1,65,74,71,60,49
1,-1,-1,51,81,50,50,50
2,2,2,73,72,65,62,19
1,-1,-1,51,49,50,50,50
1,2,2,93,99,78,87,10
2,-1,-1,58,57,82,88,54
1,-1,-1,95,79,81,76,75
2,-1,-1,84,85,87,88,53
1,2,2,93,94,87,93,88
1,-1,-1,46,59,50,50,37
1,2,1,99,99,99,100,71
1,2,2,100,60,59,51,70
1,2,2,100,99,90,91,100
1,-1,-1,60,43,61,53,59
1,2,1,64,85,66,46,50
1,2,1,97,97,97,94,40
1,-1,-1,100,100,100,100,100
1,-1,-1,81,81,91,83,69
1,-1,-1,50,60,50,50,9
1,2,1,60,60,60,60,60
1,-1,-1,68,48,70,52,9
1,-1,-1,51,52,52,50,52
1,2,1,21,86,60,51,6
1,2,2,31,85,28,31,23
2,-1,-1,68,65,68,70,67
1,-1,-1,51,50,51,51,51
1,-1,-1,60,62,61,60,60
2,2,2,85,97,31,70,21
1,2,1,100,100,100,100,100
2,2,2,79,75,75,49,51
1,2,2,86,80,80,81,81
2,2,1,86,87,71,84,51
1,-1,-1,82,80,70,62,79
1,2,2,51,51,51,81,50
1,2,1,76,100,56,40,27
1,-1,-1,99,100,100,99,70
2,-1,-1,0,51,0,0,0
1,-1,-1,52,89,52,62,5
1,2,1,60,80,40,80,30
1,-1,-1,40,41,41,41,30
1,-1,-1,59,44,53,55,53
1,2,2,31,81,50,20,31
1,-1,-1,100,50,51,52,51
1,2,2,59,83,24,27,0
2,-1,-1,97,97,95,98,52
1,-1,-1,70,71,70,69,50
2,-1,-1,87,73,93,89,63
1,-1,-1,73,74,74,75,75
2,-1,-1,77,97,26,53,0
1,2,1,72,69,65,72,58
1,2,1,70,89,70,8,2
1,2,1,100,100,100,100,100
2,-1,-1,66,94,94,94,50
1,-1,-1,41,51,51,50,9
1,-1,-1,53,99,66,78,53
1,-1,-1,58,60,42,40,26
1,-1,-1,70,69,70,70,5
1,1,2,50,51,50,50,49
2,-1,-1,20,20,20,20,20
1,-1,-1,54,68,40,59,16
1,-1,-1,50,50,50,50,50
1,-1,-1,50,50,50,50,50
2,-1,-1,0,0,0,0,0
1,1,1,40,90,91,92,5
1,-1,-1,89,55,71,70,70
1,2,1,58,77,54,78,21
1,2,1,57,58,7,6,5
1,-1,-1,80,80,80,80,80
1,-1,-1,77,71,76,75,71
1,-1,-1,54,81,50,50,29
2,-1,-1,71,70,60,52,52
1,2,1,76,76,76,76,76
1,2,1,69,70,55,75,56
1,-1,-1,89,77,75,80,61
1,-1,-1,65,70,54,24,26
1,-1,-1,50,52,50,50,41
1,-1,-1,99,69,70,70,71
1,-1,-1,50,50,50,50,50
2,-1,-1,88,89,69,85,13
2,-1,-1,90,78,89,100,91
1,2,2,80,81,81,80,80
1,-1,-1,79,99,81,80,29
1,-1,-1,50,50,50,50,50
1,-1,-1,97,71,94,93,51
1,-1,-1,50,51,50,50,50
2,2,1,91,90,91,91,19
1,2,1,87,87,88,52,87
1,1,2,81,81,81,78,55
1,2,1,51,52,51,51,50
1,2,2,80,91,70,90,48
2,1,2,75,89,55,57,50
2,2,1,88,90,81,90,2
1,1,2,58,99,98,94,31
1,-1,-1,49,80,36,100,1
2,2,1,76,75,81,100,44
1,-1,-1,60,69,63,61,43
2,-1,-1,86,86,60,69,50
2,-1,-1,2,55,4,53,3
2,-1,-1,81,83,81,85,31
1,-1,-1,95,60,64,63,44
1,2,2,60,60,60,60,60
1,2,1,75,74,75,75,41
2,-1,-1,50,98,3,10,7
1,-1,-1,68,52,69,54,51
1,2,1,79,79,82,69,2
2,2,1,87,91,66,94,38
1,2,2,99,81,31,62,73
1,-1,-1,79,80,74,82,60
1,2,1,58,81,68,57,60
1,2,1,75,76,76,77,75
1,2,1,100,78,100,100,100
1,2,2,19,89,20,31,11
2,-1,-1,75,75,75,75,11
2,2,1,72,72,72,72,73
1,2,2,95,95,93,94,94
1,2,1,72,69,75,80,19
1,-1,-1,50,50,50,50,50
2,2,2,50,51,50,50,50
1,2,1,65,50,50,50,30
2,-1,-1,50,50,51,49,50
1,2,1,100,100,71,50,0
1,-1,-1,50,50,50,50,50
2,2,2,50,50,50,50,50
1,2,1,49,50,49,50,49
2,-1,-1,100,100,100,100,0
1,2,1,49,50,49,53,50
1,2,1,100,25,98,99,99
1,-1,-1,97,97,95,97,56
2,-1,-1,70,93,72,61,2
1,-1,-1,91,80,80,80,0
1,2,1,50,50,50,50,50
1,2,2,95,51,91,91,89
1,-1,-1,66,66,66,66,31
2,-1,-1,86,86,84,84,29
2,-1,-1,100,100,99,100,1
2,-1,-1,35,52,43,44,48
1,-1,-1,82,86,76,72,75
1,1,1,90,99,94,72,44
2,2,2,50,51,50,50,9
1,2,1,90,91,73,50,55
1,-1,-1,100,99,100,99,92
2,2,2,12,100,7,27,11
1,2,2,70,70,70,80,50
2,-1,-1,44,48,3,3,2
1,-1,-1,48,92,18,71,30
1,-1,-1,91,86,76,79,79
2,-1,-1,89,89,88,88,90
1,-1,-1,99,98,99,99,99
1,-1,-1,30,62,82,50,11
1,-1,-1,60,53,52,68,46
1,2,2,90,89,89,89,88
1,-1,-1,36,35,47,50,30
1,-1,-1,99,49,100,56,51
2,-1,-1,100,86,88,50,81
2,2,1,99,99,96,99,31
2,-1,-1,50,53,52,40,3
2,2,2,50,75,2,30,2
1,-1,-1,91,91,91,91,91
2,2,2,100,100,100,100,100
1,2,2,99,6,3,4,4
1,2,1,68,67,65,79,64
2,2,2,82,95,89,97,32
2,2,1,100,87,90,68,86
1,2,1,59,44,56,58,54
1,2,2,61,51,76,70,50
1,1,2,49,44,48,51,98
2,-1,-1,77,38,28,31,71
1,-1,-1,96,95,83,86,82
1,-1,-1,81,88,83,86,81
1,2,1,99,92,89,82,62
1,2,1,75,49,76,65,77
2,-1,-1,69,93,88,81,77
1,2,1,99,80,97,100,99
1,1,2,100,18,63,21,85
1,2,1,99,16,85,56,87
1,-1,-1,70,70,69,69,12
1,2,1,51,50,50,51,61
2,-1,-1,100,100,100,97,100
1,2,1,41,40,42,74,63
1,2,1,77,86,81,84,71
1,1,1,50,50,50,50,100
1,2,2,78,89,78,86,41
1,-1,-1,95,94,90,92,94
1,1,2,51,84,60,75,2
2,-1,-1,46,83,100,50,40
1,2,1,100,53,100,100,75
1,-1,-1,60,35,8,7,7
2,-1,-1,87,86,52,92,3
2,-1,-1,88,81,86,79,79
2,1,2,100,18,60,38,52
2,2,2,53,98,1,11,0
1,-1,-1,50,50,50,50,50
1,2,2,87,23,4,16,2
1,2,2,100,100,100,100,100
2,-1,-1,2,1,2,3,3
1,2,1,50,50,50,50,50
1,-1,-1,70,50,55,53,50
1,1,2,38,60,52,51,56
1,-1,-1,95,75,95,95,35
1,-1,-1,85,88,89,90,84
1,1,2,100,49,80,64,99
1,-1,-1,90,94,89,9,88
1,-1,-1,50,50,60,60,50
1,-1,-1,70,44,50,50,50
1,-1,-1,99,100,68,35,49
-7,2,2,56,90,40,50,24
1,-1,-1,98,98,100,100,100
1,2,1,100,100,100,100,100
1,-1,-1,80,60,85,60,75
1,-1,-1,45,80,47,60,50
1,2,2,2,97,92,50,3
1,-1,-1,71,50,99,48,76
1,2,1,77,76,50,48,48
1,1,1,94,86,94,78,79
1,2,2,100,100,100,100,100
1,-1,-1,78,27,80,45,73
2,-1,-1,46,50,40,41,3
1,2,2,74,7,78,75,19
1,2,1,60,53,69,91,71
1,2,2,50,95,40,72,22
1,2,1,91,86,100,99,50
1,2,2,72,60,60,66,60
2,2,1,50,50,50,50,50
2,1,2,49,52,100,45,38
1,2,2,50,50,50,50,40
1,-1,-1,50,56,55,14,4
1,2,2,89,50,82,68,41
1,2,1,92,87,99,94,94
1,2,1,50,52,51,52,49
1,2,2,71,55,69,55,53
1,-1,-1,99,3,2,1,4
1,-1,-1,86,79,84,72,81
1,1,2,80,60,70,65,70
1,-1,-1,99,99,99,100,99
1,2,1,70,70,70,71,63
1,-1,-1,100,99,89,90,56
1,1,2,100,99,100,98,100
1,2,1,50,50,50,60,50
1,-1,-1,50,50,50,56,50
2,-1,-1,88,90,90,85,53
2,-1,-1,100,99,100,100,91
1,2,2,50,50,54,49,51
2,-1,-1,48,50,51,53,52
2,2,2,64,61,50,54,42
1,-1,-1,54,69,50,68,49
1,-1,-1,90,78,72,86,51
2,-1,-1,77,51,100,62,53
1,-1,-1,52,53,54,50,53
1,2,2,50,50,50,50,50
1,2,1,70,60,75,60,28
1,2,2,100,100,100,100,100
1,2,1,50,50,50,50,50
1,2,1,99,40,100,99,97
1,1,1,47,56,62,68,46
2,1,2,71,84,88,40,44
1,-1,-1,69,72,69,76,41
2,-1,-1,53,50,32,52,31
1,-1,-1,100,84,100,98,95
2,-1,-1,42,94,78,66,25
1,-1,-1,83,94,94,88,84
2,2,2,11,17,50,44,83
1,-1,-1,58,70,70,78,75
1,1,2,81,84,78,58,72
1,-1,-1,82,55,83,67,76
1,-1,-1,97,99,94,70,91
1,-1,-1,100,91,100,98,98
2,2,2,40,40,40,40,10
2,2,2,50,50,50,50,50
1,1,2,58,36,49,49,41
1,2,1,50,95,50,50,50
2,2,1,31,31,31,37,30
2,-1,-1,100,100,68,100,27
2,-1,-1,80,79,80,80,80
1,1,1,98,99,94,98,38
1,-1,-1,73,60,91,72,85
1,2,1,71,50,50,50,50
1,-1,-1,41,51,63,70,20
2,2,1,84,84,84,84,84
1,-1,-1,100,80,30,55,30
2,-1,-1,13,25,98,19,30
2,-1,-1,100,20,85,60,20
2,2,1,23,33,19,40,49
1,-1,-1,100,5,91,91,90
1,2,1,50,50,50,50,50
2,2,2,99,99,94,88,57
1,1,2,2,50,50,50,0
1,2,2,97,52,100,92,78
1,-1,-1,85,50,75,85,75
1,-1,-1,98,57,97,97,97
1,2,1,64,83,52,47,97
2,1,2,53,47,72,52,50
1,2,2,53,50,99,19,71
1,-1,-1,76,5,7,12,11
1,2,1,50,50,50,53,52
2,-1,-1,96,50,95,91,50
2,2,2,66,99,33,38,58
1,-1,-1,100,1,100,4,3
1,-1,-1,87,32,92,93,77
1,2,1,80,56,72,83,68
2,-1,-1,98,97,100,99,100
2,-1,-1,97,97,100,100,86
1,2,1,98,100,99,99,100
1,-1,-1,47,39,36,49,62
2,-1,-1,47,64,47,65,29
2,2,2,22,58,10,50,9
1,-1,-1,27,29,34,37,22
2,1,1,78,66,76,86,17
2,-1,-1,0,99,0,0,0
1,2,1,61,51,63,62,60
1,-1,-1,79,86,97,65,28
1,2,1,100,99,100,100,50
2,1,2,51,51,51,51,5
2,1,1,28,14,52,38,36
1,2,1,59,75,78,60,58
2,-1,-1,40,50,50,53,33
2,2,2,27,33,34,40,31
1,1,2,86,85,79,96,40
1,-1,-1,100,84,88,70,71
1,-1,-1,63,70,66,68,50
1,-1,-1,78,66,99,74,81
1,-1,-1,94,88,92,94,51
1,2,1,98,100,91,88,61
1,2,1,51,51,51,51,41
1,2,2,100,82,100,100,100
1,-1,-1,85,86,100,74,80
1,-1,-1,50,50,50,51,50
1,2,1,50,50,50,50,50
2,2,2,88,88,93,84,90
1,1,2,100,100,100,95,98
1,2,1,52,49,51,51,47
2,2,2,59,40,70,53,25
1,-1,-1,62,84,88,83,67
1,-1,-1,55,50,60,85,50
2,2,2,11,9,16,10,20
1,-1,-1,100,98,100,100,100
1,2,1,100,69,100,100,51
2,-7,2,75,75,72,81,40
2,2,1,42,91,97,88,33
1,2,2,100,100,100,99,75
1,2,2,97,80,72,97,98
1,-1,-1,52,54,54,52,52
1,-1,-1,58,60,84,84,73
1,-1,-1,80,63,82,71,57
1,1,1,50,51,51,52,51
1,2,2,88,64,100,100,81
1,2,1,49,50,50,50,48
1,2,1,91,51,51,50,45
1,-1,-1,68,67,64,61,84
1,-1,-1,75,77,60,70,68
1,1,1,100,100,100,100,100
2,-1,-1,47,78,58,58,2
1,-1,-1,100,40,100,100,100
2,2,2,78,78,78,78,78
1,2,1,100,100,100,100,100
1,-1,-1,81,79,82,77,75
1,2,2,58,48,72,63,43
1,-1,-1,100,99,99,78,97
1,-1,-1,86,60,87,88,87
1,1,2,51,52,52,51,51
1,-1,-1,50,48,50,51,51
1,-1,-1,100,96,98,100,99
1,-1,-1,59,76,47,49,44
1,-1,-1,97,98,97,97,98
1,2,1,99,43,99,100,98
1,2,1,0,100,0,81,0
1,1,2,9,75,1,22,5
1,-1,-1,58,56,74,75,69
1,2,1,35,40,76,39,41
1,-1,-1,50,50,50,50,50
1,2,1,100,100,100,100,99
1,2,1,98,58,97,99,96
2,-1,-1,75,80,74,75,16
1,2,2,9,1,100,32,1
2,-1,-1,100,99,99,100,53
1,1,2,51,50,50,50,50
2,-1,-1,55,95,10,25,45
1,-1,-1,33,41,50,53,36
2,-1,-1,48,49,47,50,45
1,-1,-1,50,50,50,50,45
1,1,2,73,53,64,72,41
2,2,2,100,92,91,99,77
1,2,1,10,97,25,64,11
1,-1,-1,5,3,7,1,0
1,2,1,50,50,50,50,50
1,-1,-1,77,81,66,76,80
1,2,1,50,50,50,50,50
2,2,2,49,50,50,50,48
1,-1,-1,63,73,55,53,56
2,-1,-1,57,41,62,59,2
1,2,2,75,76,75,76,40
1,2,1,50,50,85,50,50
1,-1,-1,38,29,37,64,75
1,2,1,56,59,59,72,57
1,-1,-1,94,9,76,50,68
1,-1,-1,0,75,20,70,15
1,-1,-1,100,100,100,100,100
2,-1,-1,88,96,85,97,88
1,-1,-1,40,60,45,55,35
1,2,1,100,100,100,100,100
2,2,2,50,39,97,66,25
1,-1,-1,85,72,93,76,82
1,2,1,50,50,50,55,45
1,-1,-1,96,95,90,97,97
2,-1,-1,49,4,47,70,97
2,2,2,10,6,8,6,23
1,2,1,68,68,68,68,50
2,2,1,61,58,53,66,60
2,2,2,87,78,87,80,64
2,2,2,3,3,5,6,6
1,2,1,69,58,20,16,9
1,-1,-1,53,50,48,59,50
2,-1,-1,46,54,85,12,9
1,-1,-1,92,91,96,91,91
1,1,2,88,66,77,63,84
2,2,2,54,86,57,50,48
1,1,2,100,74,98,73,63
1,-1,-1,39,11,45,45,28
2,2,2,58,31,12,47,28
2,-1,-1,51,76,49,63,45
1,1,2,84,56,69,16,34
1,1,2,75,75,88,71,71
1,1,2,50,50,49,50,50
2,-1,-1,56,59,66,60,63
1,2,1,100,100,100,100,0
1,-1,-1,84,96,38,55,93
1,2,2,49,40,100,52,51
1,-1,-1,81,82,98,82,84
1,1,1,86,22,41,19,57
2,-1,-1,46,43,52,53,44
1,2,2,50,50,50,51,52
2,2,1,88,100,89,88,0
1,-1,-1,64,35,79,76,91
1,-1,-1,61,44,51,49,44
1,2,1,53,60,73,74,68
1,1,2,67,87,51,100,2
1,2,1,53,91,16,78,4
1,2,1,50,50,50,50,50
1,-1,-1,100,0,40,42,26
2,2,2,100,100,100,100,100
1,1,2,15,5,8,8,10
1,1,1,100,59,88,89,98
1,-1,-1,93,28,45,56,57
1,2,1,69,100,94,91,87
2,-1,-1,94,100,84,34,50
2,1,1,44,74,19,62,17
1,-1,-1,74,78,71,70,44
2,-1,-1,100,95,98,100,100
1,2,2,100,91,95,98,66
1,2,2,61,80,95,71,76
2,-1,-1,4,3,65,29,7
1,2,1,51,51,50,50,51
1,-1,-1,88,59,98,89,87
1,2,2,98,72,97,96,79
1,-1,-1,55,20,96,4,52
1,2,1,48,7,92,56,32
2,1,2,57,49,100,48,46
2,-1,-1,72,82,75,74,53
1,1,2,54,32,80,51,52
1,1,2,89,50,51,51,50
2,-1,-1,87,87,85,87,88
2,2,1,61,74,76,72,100
1,-1,-1,40,4,54,28,19
1,2,1,100,50,100,100,100
1,1,1,99,75,53,13,88
1,2,1,53,53,98,51,55
1,-1,-1,79,50,50,46,35
2,2,1,60,67,59,59,60
1,2,1,60,60,60,69,60
1,2,1,99,50,100,99,98
1,-1,-1,52,52,51,53,50
2,1,2,96,64,48,34,76
1,1,1,100,2,24,13,98
1,1,2,70,59,66,43,59
1,-1,-1,95,97,96,95,96
1,2,1,50,50,50,50,50
1,-1,-1,100,50,100,21,50
1,-1,-1,72,65,74,70,61
2,2,2,60,80,90,90,10
1,-1,-1,100,71,100,100,100
2,2,2,56,61,100,50,51
1,-1,-1,50,50,91,51,31
1,-1,-1,89,53,89,84,88
1,-1,-1,97,47,0,47,61
1,2,2,33,80,100,87,59
2,-1,-1,53,40,59,50,34
1,-1,-1,78,77,25,97,94
1,-1,-1,96,95,94,88,90
1,-1,-1,62,64,61,62,66
1,2,1,73,73,72,72,65
2,-1,-1,50,50,50,50,49
1,2,1,90,88,86,87,50
2,1,2,55,50,50,50,5
2,-1,-1,100,100,100,100,50
2,2,2,87,84,95,98,4
1,2,1,85,85,88,84,79
1,-1,-1,55,79,81,81,83
1,2,1,51,50,51,50,46
1,-1,-1,47,53,38,49,50
1,2,2,53,57,55,53,22
2,2,2,66,96,64,69,62
1,-1,-1,88,98,85,57,97
1,2,1,50,51,48,52,47
1,-1,-1,100,55,100,100,100
1,2,1,86,61,89,88,83
1,-1,-1,59,100,50,60,0
1,2,2,49,6,99,98,79
1,2,2,99,100,100,100,97
1,-1,-1,95,95,94,94,96
1,-1,-1,99,57,100,88,99
1,-1,-1,59,60,65,64,50
1,2,1,50,50,50,51,50
1,-1,-1,79,100,94,34,60
1,2,1,100,60,100,100,100
1,-1,-1,100,99,99,100,99
2,-1,-1,50,50,50,49,6
1,-1,-1,51,100,57,51,8
1,-1,-1,89,35,50,50,53
1,-1,-1,72,79,69,63,39
1,-1,-1,81,82,81,83,81
1,-1,-1,50,50,60,46,2
1,-1,-1,70,45,58,68,56
1,-1,-1,72,46,88,86,52
1,-1,-1,99,54,84,88,100
2,-1,-1,85,78,76,84,49
1,1,2,97,100,100,98,50
1,1,1,87,78,83,99,91
1,-1,-1,100,85,99,100,100
1,-1,-1,100,61,78,95,92
1,-1,-1,50,50,50,50,50
1,2,1,100,25,100,100,100
1,-1,-1,84,84,81,81,85
1,-1,-1,99,99,90,99,84
2,-1,-1,84,65,84,84,3
1,2,1,40,55,45,52,45
1,-1,-1,95,95,95,95,95
1,2,1,50,53,75,63,55
1,-1,-1,50,50,54,50,49
1,-1,-1,72,69,62,52,50
1,-1,-1,50,51,50,50,50
1,2,2,74,64,100,74,70
2,-1,-1,38,50,51,30,49
1,2,1,76,75,75,72,63
1,-1,-1,75,72,86,71,55
1,-1,-1,61,98,57,36,30
1,-1,-1,80,86,90,84,98
1,2,2,69,75,65,80,66
2,-1,-1,48,50,35,67,21
1,-1,-1,100,59,94,87,100
1,-1,-1,51,51,51,50,50
2,-1,-1,11,19,13,24,19
1,1,2,48,75,53,53,49
1,-1,-1,72,74,74,52,48
1,-1,-1,52,49,53,51,50
1,-1,-1,66,66,59,70,61
1,-1,-1,34,34,34,34,34
2,-1,-1,74,80,65,83,48
1,1,2,100,99,91,89,94
1,-1,-1,86,41,84,87,78
1,-1,-1,100,72,82,77,91
1,2,1,72,63,63,62,62
1,-1,-1,63,50,59,59,57
2,-1,-1,100,99,90,82,30
1,2,2,99,31,90,91,64
2,1,2,20,100,1,43,1
1,2,1,49,49,51,51,51
2,1,2,3,29,4,7,4
1,-1,-1,50,50,50,50,50
1,-1,-1,0,0,0,4,0
2,-1,-1,57,69,50,82,50
1,-1,-1,51,53,51,35,51
1,-1,-1,100,100,100,100,100
1,-1,-1,97,89,99,99,98
1,2,2,80,8,94,59,74
1,2,1,50,50,44,38,44
2,-1,-1,71,48,49,54,51
1,2,2,95,93,97,97,94
1,-1,-1,50,50,50,50,50
1,2,1,69,73,58,73,72
1,2,1,84,74,74,92,66
1,-1,-1,60,45,57,55,62
2,-1,-1,50,49,49,49,2
1,-1,-1,98,50,50,51,50
2,-1,-1,79,28,56,39,55
1,-1,-1,86,75,80,89,59
1,2,1,84,96,84,78,69
1,2,2,100,0,100,100,100
1,2,1,35,75,38,75,41
1,-1,-1,58,52,53,49,50
1,-1,-1,97,98,98,98,98
1,-1,-1,81,85,100,92,86
1,-1,-1,50,50,53,52,52
2,2,1,63,63,64,62,64
1,1,2,43,69,21,61,40
1,-1,-1,99,1,99,100,93
1,2,2,87,36,100,94,86
1,2,1,83,87,83,82,10
1,-1,-1,50,50,50,49,25
1,2,1,50,58,47,72,57
1,-1,-1,85,9,87,71,87
1,-1,-1,46,86,100,94,54
1,-1,-1,9,51,72,53,50
2,-1,-1,69,93,94,100,79
1,2,1,46,63,56,51,59
1,2,2,50,50,50,50,50
2,2,2,87,83,86,83,59
1,-1,-1,71,91,86,54,51
2,-1,-1,79,70,80,50,49
1,2,1,52,56,69,50,31
2,-1,-1,20,33,96,53,68
1,1,2,65,46,93,71,25
2,-1,-1,41,70,67,72,62
1,2,2,19,2,34,6,19
1,2,1,67,89,68,92,57
1,1,2,83,50,50,70,68
1,-1,-1,79,84,79,91,85
1,2,1,5,90,13,34,0
1,-1,-1,57,59,51,89,50
2,2,2,52,53,47,47,46
1,2,1,70,70,85,90,70
1,2,2,61,56,9,66,5
2,-1,-1,24,50,19,62,60
1,-1,-1,52,48,48,50,50
1,-1,-1,53,100,90,83,31
2,-1,-1,43,45,44,56,53
1,-1,-1,100,100,99,100,100
1,1,1,97,88,80,85,81
2,2,1,91,89,72,97,53
1,2,1,70,85,86,76,71
1,2,1,55,45,55,55,60
1,-1,-1,72,75,76,75,73
2,-1,-1,75,74,46,88,74
1,1,2,89,89,100,88,89
1,-1,-1,69,89,99,47,43
1,2,1,99,84,87,94,81
1,-1,-1,100,100,98,100,100
1,-1,-1,75,85,80,95,75
1,-1,-1,98,43,59,60,81
1,1,2,80,85,88,80,51
1,2,2,100,99,0,1,0
1,2,2,90,87,88,86,90
1,2,2,53,51,53,53,54
2,-1,-1,72,70,61,70,50
2,-1,-1,69,37,100,80,68
1,-1,-1,90,77,88,82,91
2,-1,-1,50,51,51,50,50
1,2,2,75,75,75,75,75
2,2,1,62,97,82,96,3
1,2,2,77,60,70,70,55
1,-1,-1,86,71,71,71,70
2,-1,-1,80,62,75,78,72
1,-1,-1,14,15,47,23,37
1,-1,-1,100,98,85,82,84
1,-1,-1,35,65,39,45,5
1,1,1,95,80,53,62,97
1,2,2,72,72,72,74,76
1,-1,-1,90,71,95,90,85
2,2,1,57,53,56,50,50
1,2,1,55,55,55,65,55
1,-1,-1,100,88,95,93,94
1,2,1,45,50,46,50,31
1,-1,-1,98,99,100,94,98
2,-1,-1,85,95,85,87,0
2,-1,-1,96,89,75,86,82
1,-1,-1,50,53,36,37,37
1,1,1,55,41,47,52,57
1,-1,-1,52,45,38,56,67
1,-1,-1,0,0,0,0,1
1,2,2,99,99,98,98,99
1,1,1,94,94,96,99,96
1,2,1,89,44,86,86,84
2,2,2,59,88,79,60,39
2,-1,-1,50,100,100,99,66
2,-1,-1,53,66,64,57,0
1,2,2,97,60,91,67,79
1,2,2,90,75,71,59,60
1,2,1,71,84,86,73,51
1,-1,-1,0,50,100,70,50
1,2,2,65,62,60,40,44
2,2,2,95,95,95,95,10
1,1,2,99,3,81,50,44
1,-1,-1,30,54,64,52,54
2,2,1,30,56,49,75,51
1,2,2,84,79,99,87,11
1,1,2,50,50,85,50,50
1,2,2,90,50,50,50,50
1,-1,-1,81,53,49,39,51
1,2,2,90,90,90,90,90
1,2,1,90,89,89,90,89
2,1,1,92,98,98,100,2
1,2,1,85,88,86,85,85
1,2,2,78,94,63,69,57
1,-1,-1,100,100,100,100,100
1,2,1,87,86,83,78,78
1,2,1,85,41,83,9,2
2,2,1,12,100,6,16,39
2,2,2,49,89,40,20,40
2,2,1,50,50,50,50,50
1,2,1,53,51,51,52,52
2,2,1,88,85,88,88,64
1,1,2,98,100,99,98,45
1,-1,-1,91,33,77,80,48
1,-1,-1,46,50,50,51,50
2,-1,-1,71,88,44,49,0
1,1,1,67,62,63,56,50
1,-1,-1,100,100,99,98,100
1,2,2,65,38,75,62,67
2,-1,-1,99,99,87,86,35
1,-1,-1,50,50,50,51,50
1,2,1,62,50,59,68,41
1,-1,-1,91,75,90,95,91
1,2,1,85,70,100,85,70
1,1,2,42,61,93,40,18
1,-1,-1,72,90,75,73,63
1,-1,-1,66,59,59,65,50
1,-1,-1,78,77,39,38,29
2,-1,-1,60,29,47,42,27
1,2,2,50,68,58,58,6
1,-1,-1,64,53,45,93,52
1,2,1,50,63,53,60,50
1,-1,-1,46,93,33,38,11
1,-1,-1,70,100,59,100,0
1,-1,-1,74,75,69,84,73
2,1,2,80,83,78,92,97
1,1,1,100,52,50,50,50
1,-1,-1,100,79,100,100,100
1,2,1,71,71,71,71,71
1,-1,-1,99,99,98,89,86
1,-1,-1,47,42,59,47,51
1,-1,-1,50,50,50,50,51
2,1,2,51,53,72,53,51
1,-1,-1,53,50,49,58,52
2,2,1,67,63,89,59,29
1,-1,-1,90,86,99,87,55
1,-1,-1,45,59,50,72,40
2,-7,2,50,50,45,50,45
2,1,2,71,70,70,70,2
2,-1,-1,50,50,50,50,50
1,-1,-1,50,19,50,49,50
1,-1,-1,78,79,82,71,82
1,-1,-1,60,75,0,71,0
1,-1,-1,51,51,51,40,56
1,2,1,6,100,5,100,2
2,2,2,52,47,56,53,55
1,2,2,100,91,99,100,79
1,-1,-1,70,54,61,66,63
1,2,1,49,53,49,55,51
1,-1,-1,95,95,95,95,61
1,-1,-1,70,88,79,69,63
1,-1,-1,53,80,68,85,69
1,2,1,70,60,70,70,70
1,2,1,38,63,62,62,50
1,-1,-1,65,71,64,66,60
1,2,2,100,97,98,99,99
2,1,1,3,9,6,7,4
1,2,2,14,100,28,84,5
1,-1,-1,0,100,31,53,53
2,2,2,100,100,100,100,31
2,2,1,0,40,11,41,0
1,2,1,67,78,5,14,15
1,-1,-1,89,16,12,63,49
1,2,2,32,83,49,47,21
2,2,2,50,58,63,57,13
1,2,2,85,77,84,81,33
2,-1,-1,55,94,100,89,41
1,2,1,72,78,70,77,67
1,2,1,77,75,78,77,77
1,2,1,62,51,75,52,50
1,1,2,91,91,91,91,90
1,2,1,54,76,55,81,50
1,-1,-1,84,81,85,87,85
2,-1,-1,91,89,94,92,94
1,-1,-1,71,76,74,75,71
1,-1,-1,100,92,90,51,80
1,1,2,97,99,98,97,98
1,2,2,78,78,78,78,78
1,2,1,88,90,90,90,89
1,2,1,51,49,50,50,51
1,2,1,100,51,100,100,11
1,2,2,100,100,51,100,50
1,2,2,50,80,50,50,50
2,1,2,46,6,70,62,24
1,-1,-1,79,87,86,85,71
1,2,1,100,81,81,91,94
1,-1,-1,88,89,91,90,88
1,-1,-1,95,95,94,95,94
1,2,2,88,87,90,90,90
2,1,2,95,96,87,71,40
1,-1,-1,37,72,38,75,41
2,1,2,100,100,100,100,100
1,-1,-1,97,98,95,96,95
1,2,2,75,69,92,64,63
1,-1,-1,75,80,69,69,61
2,2,2,98,81,100,96,59
1,2,1,49,50,64,97,54
1,2,1,97,75,95,86,95
2,-1,-1,50,50,50,51,50
2,-1,-1,84,90,86,79,86
1,2,1,100,100,97,99,100
2,-1,-1,80,91,80,86,11
1,-1,-1,100,100,100,100,100
1,2,1,65,50,80,80,50
1,-1,-1,73,82,75,86,53
1,2,1,100,30,100,100,100
1,2,2,72,65,59,68,60
1,-1,-1,78,90,89,91,94
1,-1,-1,99,98,100,99,100
2,-1,-1,37,90,25,22,3
1,2,1,48,100,51,48,44
1,-1,-1,91,92,91,91,70
2,-1,-1,69,60,63,65,2
1,-1,-1,90,90,80,8,44
2,2,2,0,3,4,1,2
1,1,2,86,87,86,89,86
1,2,1,90,90,90,90,90
2,-1,-1,50,73,48,50,50
1,2,1,80,81,81,80,80
1,2,2,67,61,73,71,56
1,-1,-1,100,99,99,99,100
1,2,2,99,44,98,83,78
1,-1,-1,59,61,56,66,56
1,-1,-1,100,92,100,100,100
1,-1,-1,97,45,98,68,52
1,2,2,75,48,65,66,60
2,1,2,53,55,13,58,55
1,2,2,20,80,59,99,32
1,2,1,49,98,69,99,37
1,-1,-1,50,47,50,48,48
2,1,1,96,58,45,37,1
1,-1,-1,50,50,50,50,50
1,-1,-1,85,85,85,85,40
1,-1,-1,-7,-7,-7,-7,-7
1,-1,-1,59,59,59,59,59
1,-1,-1,94,100,95,97,86
1,-1,-1,50,50,51,50,50
1,-1,-1,0,100,0,1,0
1,2,1,72,81,78,69,77
2,-1,-1,84,100,55,61,40
2,1,2,52,47,56,53,50
2,2,2,80,80,80,80,50
1,2,1,54,53,53,48,23
1,-1,-1,28,50,71,34,39
1,-1,-1,71,74,75,68,79
1,-1,-1,70,90,60,70,41
1,-1,-1,19,95,31,25,30
1,-1,-1,100,100,100,100,6
1,2,1,83,85,84,83,56
2,2,1,100,100,100,100,100
1,2,1,95,96,98,98,45
1,-1,-1,100,92,100,100,95
1,-1,-1,35,50,41,86,31
2,-1,-1,80,91,84,80,20
1,-1,-1,48,70,48,49,28
1,-1,-1,74,52,52,52,22
2,1,1,100,10,33,28,25
1,-1,-1,50,100,2,4,1
1,-1,-1,94,25,97,87,94
1,-1,-1,86,67,77,81,52
2,2,1,99,63,15,21,50
1,-1,-1,80,80,80,80,80
1,2,1,100,100,100,100,100
1,-1,-1,40,87,95,56,55
1,2,2,100,100,100,100,9
1,-1,-1,51,50,50,50,45
1,-1,-1,76,71,71,71,71
1,2,2,71,69,46,62,56
1,2,1,97,96,96,97,80
1,2,1,51,63,51,51,51
1,-1,-1,65,56,89,87,56
2,2,2,91,91,62,62,31
2,1,2,99,100,99,99,43
1,-1,-1,86,80,83,82,89
1,-1,-1,77,97,64,87,65
1,-1,-1,100,90,100,100,100
1,2,2,99,29,100,100,100
1,1,2,1,100,50,51,4
1,-1,-1,95,93,95,95,95
2,-1,-1,100,87,89,98,100
1,-1,-1,50,50,50,50,50
2,1,2,90,38,50,52,47
1,-7,2,95,70,100,98,93
1,-1,-1,36,50,45,55,10
1,1,2,94,31,70,50,61
1,-1,-1,100,100,99,100,98
1,2,1,100,100,100,100,100
1,2,1,63,0,57,31,66
1,-1,-1,84,82,68,51,51
1,2,1,66,66,63,66,61
1,2,1,70,69,90,89,59
1,-1,-1,49,-7,69,88,2
1,2,1,94,96,94,95,67
1,2,2,54,32,75,61,38
2,2,2,62,62,62,61,63
2,-1,-1,99,98,97,29,4
1,2,2,58,96,44,44,29
2,-1,-1,54,50,51,48,37
1,2,1,94,97,97,98,97
2,2,1,50,50,51,50,51
1,-1,-1,92,93,89,86,82
1,2,2,100,61,61,44,41
2,1,2,49,98,50,51,50
2,-1,-1,6,20,38,9,13
2,2,2,95,100,52,53,100
2,1,2,20,70,6,42,0
2,-1,-1,70,76,70,70,5
1,2,1,85,1,85,85,85
1,-1,-1,98,88,60,39,78
1,-1,-1,50,50,50,100,50
1,-1,-1,70,70,59,70,50
1,2,1,16,99,34,36,28
1,2,1,100,83,99,99,99
2,-1,-1,43,56,39,38,37
1,-1,-1,100,98,99,99,96
1,-1,-1,3,61,3,99,3
1,2,2,44,20,100,69,51
1,-1,-1,51,51,51,50,51
1,-1,-1,46,85,41,70,21
1,-1,-1,50,50,50,50,50
1,-1,-1,98,58,98,95,98
2,2,1,99,97,98,99,99
1,2,2,53,83,53,50,40
1,2,1,100,86,100,93,86
1,-1,-1,50,56,58,53,51
1,-1,-1,72,67,70,70,68
1,2,2,86,100,65,87,69
1,2,1,93,88,100,75,54
1,1,1,21,79,33,89,48
1,2,2,100,80,100,99,99
1,-1,-1,50,50,50,50,50
2,1,1,5,100,51,3,1
1,-1,-1,100,50,100,81,98
1,1,2,57,53,54,56,53
1,2,1,74,57,71,78,69
1,-1,-1,40,43,40,31,31
2,-1,-1,82,87,80,87,86
2,-1,-1,41,69,40,51,1
1,-1,-1,60,56,59,49,55
1,2,2,41,46,44,41,28
1,-1,-1,59,50,50,58,53
1,2,1,91,93,90,91,91
2,-1,-1,50,50,50,50,0
1,2,1,80,80,80,80,80
1,-1,-1,100,70,100,100,100
1,2,2,42,52,50,100,21
1,2,1,89,99,88,89,50
1,-1,-1,66,50,64,69,61
1,-1,-1,72,69,69,71,69
1,2,2,97,90,90,91,90
1,1,2,56,100,62,92,49
2,2,2,20,5,14,49,18
1,2,2,27,36,36,22,27
2,-1,-1,50,51,96,50,0
1,2,2,99,94,79,69,54
1,2,1,100,100,100,100,85
1,2,1,3,100,5,2,2
1,-1,-1,69,99,72,68,0
1,-1,-1,60,49,50,50,60
1,2,1,51,50,45,51,51
1,2,2,90,80,71,70,71
1,-1,-1,86,75,91,98,84
1,2,1,83,89,75,71,75
1,-1,-1,96,80,91,100,96
1,-1,-1,86,73,83,81,85
2,-1,-1,100,100,100,100,50
1,-1,-1,94,89,100,88,80
1,-1,-1,70,81,34,51,2
1,2,2,52,67,51,52,0
2,-1,-1,34,41,12,36,38
1,-1,-1,96,95,95,94,60
1,-1,-1,96,53,56,59,50
2,2,1,62,70,71,36,2
1,2,2,81,74,74,72,72
2,-1,-1,62,69,49,53,10
1,-1,-1,100,12,51,41,72
2,-7,1,51,51,50,50,50
1,-1,-1,60,55,53,60,50
1,2,2,86,75,85,74,78
1,-1,-1,50,50,50,50,50
1,-1,-1,91,90,95,91,90
1,1,2,100,92,99,99,99
2,-1,-1,88,79,97,82,71
1,-1,-1,99,72,86,86,68
1,2,1,75,72,83,70,71
1,-1,-1,50,50,50,50,50
1,-1,-1,83,70,45,30,3
1,2,1,50,50,50,50,50
2,2,1,100,100,100,100,92
1,2,1,61,59,85,70,56
1,2,2,74,85,86,83,84
2,2,2,59,69,70,72,51
1,-1,-1,73,98,0,88,0
1,2,1,51,53,41,50,52
1,-1,-1,50,50,50,50,21
1,1,2,72,70,72,70,1
1,2,2,69,59,50,46,39
1,2,1,75,74,75,74,72
1,2,2,49,45,48,53,48
1,2,1,99,71,100,91,88
1,2,2,65,82,32,45,7
1,-1,-1,81,100,71,66,65
1,2,1,30,51,71,94,47
1,2,2,46,50,51,91,40
1,2,2,75,96,84,74,52
1,-1,-1,80,80,86,79,85
2,2,1,81,91,72,91,2
1,-1,-1,50,59,54,59,19
1,-1,-1,71,70,70,70,71
1,2,2,50,50,50,50,50
2,2,1,93,88,94,87,72
1,-1,-1,77,74,84,78,76
1,-1,-1,94,94,96,94,65
1,-1,-1,100,1,100,96,100
2,-1,-1,82,89,79,84,49
2,-1,-1,70,69,78,88,36
2,-1,-1,90,90,90,90,1
1,-1,-1,53,75,75,51,55
1,2,1,70,74,76,90,10
2,2,2,93,93,90,91,1
2,-1,-1,60,95,76,96,1
1,-1,-1,99,97,100,53,60
1,2,2,50,51,49,40,41
1,2,1,50,50,50,50,50
1,-1,-1,96,11,96,96,81
1,-1,-1,5,53,28,43,11
2,2,1,59,100,75,85,0
1,2,1,69,66,67,71,67
1,-1,-1,51,51,51,81,46
2,-1,-1,16,90,60,91,0
1,-1,-1,81,81,84,84,70
1,-1,-1,51,59,43,52,44
1,-1,-1,81,88,88,86,69
1,-1,-1,98,34,96,27,98
2,-1,-1,94,74,43,56,97
1,-1,-1,50,51,50,50,50
1,2,1,97,97,97,95,96
1,-1,-1,48,69,49,50,13
2,-1,-1,50,50,50,52,47
1,2,2,51,84,85,84,50
1,2,1,100,100,100,100,100
1,2,1,87,91,91,77,60
1,-1,-1,50,50,50,50,50
1,2,2,93,96,100,100,98
2,-1,-1,88,99,59,81,0
1,2,2,30,63,88,34,34
1,2,2,77,72,78,66,74
1,2,1,87,89,88,87,29
1,2,1,70,72,72,69,49
1,2,2,82,70,97,97,50
1,2,1,50,50,50,51,50
1,2,2,97,97,73,84,69
1,-1,-1,59,85,65,83,20
1,-1,-1,51,68,62,50,32
1,-1,-1,50,50,50,50,50
2,-1,-1,89,91,88,89,59
1,2,2,60,59,60,69,37
2,2,1,96,95,94,94,50
1,2,1,50,60,50,90,5
1,-1,-1,50,62,50,61,41
1,-1,-1,72,55,70,72,72
2,2,1,81,100,81,99,49
2,-1,-1,90,90,90,90,10
2,2,1,50,50,50,50,1
1,-1,-1,92,73,90,92,78
1,-1,-1,91,90,91,90,91
1,-1,-1,97,76,79,73,78
1,2,2,59,70,89,61,79
1,-1,-1,60,69,51,50,50
1,-1,-1,53,58,59,57,59
1,2,1,100,100,100,100,100
1,2,1,94,95,94,91,88
2,1,1,60,69,69,79,4
1,2,2,61,60,54,39,57
1,2,1,50,50,50,50,50
1,2,1,61,60,52,61,51
1,-1,-1,51,55,61,48,48
1,-1,-1,50,50,50,50,40
2,1,1,100,100,100,100,0
1,-1,-1,60,61,61,72,46
1,2,2,41,71,40,41,16
1,-1,-1,97,66,84,94,90
1,2,1,78,66,70,85,75
1,-1,-1,41,82,31,51,19
1,2,1,50,50,50,50,50
1,2,1,94,94,94,95,61
1,-1,-1,69,69,69,69,69
1,2,1,50,60,46,56,45
1,-1,-1,27,81,51,50,0
1,2,1,99,99,100,100,45
2,-1,-1,50,51,50,51,50
1,-1,-1,90,100,90,90,40
1,2,1,36,75,40,70,15
1,-1,-1,94,94,94,95,21
1,-1,-1,45,56,53,69,11
2,-1,-1,88,100,100,100,60
1,-1,-1,100,65,50,52,50
1,1,1,100,0,100,100,99
